type	index	image	background_story	question	A	B	C	D	answer
sdt	1	data/figure/sdt/2024-09-02--食品饮料-良品铺子-经营调整期，降价导致利润端承压_page1_表1分业务收入及毛利率.jpg,data/figure/sdt/2024-08-20--化学制品-万华化学-系列深度之五：深度报告：聚氨酯优势加强，新材料接力成长_page61_图表中国大陆PC产能截至2023年底.jpg,data/figure/sdt/2024-08-06--中药-昆药集团-原来中药企业可以创新，也可以国际化！六百年老字号昆药集团，华润入主，要干成银发健康第一股_page6_no_caption.jpg,data/figure/sdt/2024-07-09--医疗器械-微电生理-电生理领域国产龙头，高端产品迎来放量期_page22_图表42北京DRG集采部分电生理产品谈判降幅及获量比例情况.jpg,data/figure/sdt/2024-06-23--银行-常熟银行-深度报告：ROE向上前景可期_page3_图3六家高ROE银行2023年ROE杜邦分解.jpg,data/figure/sdt/2024-06-12--电力行业-中国核电-核电回暖奠定成长基调，风光步入发展快车道_page15_图表26公司在运核电项目电量电价情况.jpg,data/figure/sdt/2024-05-22--光伏设备-阳光电源-光储双轮驱动，龙头昂扬奋发_page28_图表67公司收入与毛利预测.jpg,data/figure/sdt/2024-09-24--交运设备-春风动力-中国全地形车及中大排摩托车龙头，出海、高端化引领新成长_page18_表8春风动力和北极星在单排量车型挖掘的对比.jpg	"在2024年的财务报告中，春风动力和北极星两家公司在全地形车及中大排摩托车市场上的表现引人注目。从财务指标来看，两家公司均展现了强劲的增长势头，尤其是在营收、利润、ROE、ROIC等关键指标上。春风动力通过推出多款高性能车型，如2025 CFORCE 1000 TOURING和2025 UFORCE 1000，成功吸引了大量消费者，推动了销售额的显著增长。同时，公司采取了一系列成本控制措施，优化了供应链管理，降低了生产成本，从而提高了利润率。此外，春风动力还积极拓展海外市场，特别是在东南亚和欧洲地区取得了显著进展，进一步扩大了市场份额。

北极星则通过并购和战略合作，增强了其产品线的竞争力。例如，公司收购了一家专注于高端SSV（侧边驾驶车辆）制造的企业，推出了RZR XP 1000 Sport等高性价比车型，迅速占领了市场。这些战略举措不仅提升了公司的品牌影响力，还为其带来了可观的收入增长。然而，由于市场竞争加剧，北极星在某些季度的利润受到了一定影响，但总体而言，公司的财务状况依然稳健。

宏观经济环境对两家公司的影响不容忽视。全球经济形势的不确定性导致市场需求波动，政策变化也对行业产生了重要影响。例如，政府对环保标准的提高促使企业加大研发投入，以开发更环保的产品。此外，原材料价格的波动也增加了企业的成本压力。面对这些挑战，春风动力和北极星都采取了相应的应对策略，如加强技术创新、优化产品结构等，以保持竞争优势。

从股东回报与估值角度来看，两家公司的P/E比率相对较高，表明市场对其未来增长潜力持乐观态度。尽管如此，考虑到当前的经济环境和行业竞争态势，投资者仍需谨慎评估公司的估值水平。未来股价的增长潜力将取决于公司能否持续创新并有效应对市场变化。

风险因素方面，市场竞争激烈、价格波动以及政策变化等因素可能对公司财务预期产生不利影响。为此，春风动力和北极星都在积极调整策略，如加强品牌建设、拓展多元化市场等，以降低潜在风险。

短期与长期财务趋势显示，两家公司在接下来的几个季度可能会面临一定的波动，尤其是在新产品推出初期和市场适应阶段。为了应对这些变化，公司需要灵活调整经营策略，确保业务稳定增长。"	根据春风动力的图片信息，春风动力的2025 CFORCE 1000 TOURING和北极星的Sportsman XP 1000 Ultimate相比，哪个车型的马力更大？	春风动力的2025 CFORCE 1000 TOURING	北极星的Sportsman XP 1000 Ultimate	两者相同	无法确定	B
sdt	2	data/figure/sdt/2024-09-01--证券-华泰证券-2024年中报点评：资管业务表现亮眼，自营业务边际改善_page1_表1华泰证券盈利预测单位百万元.jpg,data/figure/sdt/2024-08-20--化学制品-万华化学-系列深度之五：深度报告：聚氨酯优势加强，新材料接力成长_page63_图表预计国内PC行业开工率有望回升.jpg,data/figure/sdt/2024-08-04--半导体-海光信息-稀缺CPU+AI双料厂商，深算系列有望迎来质变突破_page16_图33海光7285与Intel同期铂金系列产品性能对比.jpg,data/figure/sdt/2024-07-09--医疗器械-微电生理-电生理领域国产龙头，高端产品迎来放量期_page21_图表41福建27省联盟组套类和单件类产品最高申报价.jpg,data/figure/sdt/2024-06-21--生物制品-福瑞达-首次覆盖：聚焦大健康产业，化妆品“5+N”战略升级_page19_图表41收入拆分及预测.jpg,data/figure/sdt/2024-06-11--工程机械-大连重工-新增订单170亿，最坏的日子已经过去！大连重工：竞争依旧惨烈，营收稳步增长，ROE持续改善_page8_no_caption.jpg,data/figure/sdt/2024-05-21--半导体-聚辰股份-DDR5加速渗透驱动SPD持续放量，NOR新品推出助力产品线持续深化_page25_图表49聚辰股份盈利预测.jpg,data/figure/sdt/2024-09-24--交运设备-春风动力-中国全地形车及中大排摩托车龙头，出海、高端化引领新成长_page16_表6春风动力过往四轮全地形车的产品矩阵梳理.jpg	"春风动力作为中国全地形车及中大排摩托车的龙头企业，其财务表现一直备受关注。从2016年到2025年的财务数据来看，公司的营收、利润等关键指标经历了显著的变化。这些变化不仅反映了公司内部的战略调整和市场扩展，也受到了宏观经济环境和行业竞争的影响。

首先，从财务指标的变化来看，春风动力在2016年至2025年间实现了稳步增长。尤其是在2019年之后，随着高端化战略的实施，公司的产品线得到了进一步丰富，800 XC、800 TOURING等高端车型的推出极大地提升了公司的盈利能力。此外，公司在成本控制方面也取得了显著成效，通过优化供应链管理和生产流程，有效降低了运营成本，提高了利润率。同时，春风动力还积极拓展海外市场，通过并购等方式扩大了市场份额，进一步增强了公司的竞争力。

其次，结合宏观经济和行业背景来看，春风动力所处的全地形车及摩托车行业受到政策变化和全球经济形势的影响较大。近年来，随着环保政策的日益严格，消费者对新能源车型的需求逐渐增加，这对传统燃油车型的销售产生了一定冲击。然而，春风动力及时调整了产品结构，推出了多款电动车型，如EV110等，以适应市场需求的变化。此外，全球经济形势的不确定性也对公司出口业务造成了一定影响，但春风动力通过多元化市场布局，有效分散了风险。

再次，从股东回报与估值角度来看，春风动力的P/E、P/B等估值指标显示出公司目前处于合理区间内。尽管短期内股价可能存在波动，但长期来看，随着公司高端化战略的持续推进以及海外市场的不断开拓，未来股价的增长潜力依然可观。对于投资者而言，春风动力是一个值得关注的投资标的。

最后，面对市场竞争加剧、价格波动等风险因素，春风动力采取了一系列应对策略。一方面，公司加大研发投入，不断提升产品技术含量和附加值；另一方面，通过加强品牌建设和营销推广，提升品牌形象和市场认知度。此外，春风动力还注重人才培养和团队建设，为公司的可持续发展提供了坚实的人才保障。总体而言，春风动力在短期与长期财务趋势上均表现出较强的韧性和发展潜力，有望在未来继续保持稳健增长。"	根据春风动力的图片信息，在2021年至2025年间，春风动力的UFORCE系列中，1000 XL车型首次出现是在哪一年？	2021	2022	2023	2024	B
sdt	3	data/figure/sdt/2024-08-26--酿酒行业-珠江啤酒-量价齐升趋势延续，1H24实现高质量增长_page1_图表1珠江啤酒2024年半年报业绩.jpg,data/figure/sdt/2024-08-18--银行-江苏银行-详解江苏银行2024年半年报：业绩持续性强；资产质量稳健；消金稳步发力_page6_no_caption.jpg,data/figure/sdt/2024-08-04--半导体-海光信息-稀缺CPU+AI双料厂商，深算系列有望迎来质变突破_page21_图39海光DCU产品与国际领先厂商产品对比.jpg,data/figure/sdt/2024-07-08--航运港口-国航远洋-北交所首次覆盖报告：国内干散货航运主要企业之一，“10+10”造船计划快速提升运力_page16_图19对于长期在排放控制区内航行的船舶甲醇燃料的投资回收期更短.jpg,data/figure/sdt/2024-06-21--工程建设-中国化学-工程合同金额稳步增长，实业新材料投产在即_page0_图表12024年15月累计新签合同金额统计表.jpg,data/figure/sdt/2024-06-11--化学原料-雪天盐业-强“钠”战略，双轮驱动的持续深化_page20_图表33公司业绩拆分预测表.jpg,data/figure/sdt/2024-05-21--软件开发-并行科技-超算云服务龙头，迎行业春风_page22_表5公司盈利预测.jpg,data/figure/sdt/2024-09-24--光伏设备-迈为股份-HJT整线设备龙头受益于行业规模扩产在即，泛半导体领域加速布局_page14_表1HJT相较其他技术路线效率更高工艺更简单.jpg	"在2024年的光伏设备行业中，迈为股份凭借其在HJT整线设备领域的龙头地位，在行业大规模扩产的背景下交出了令人瞩目的财务答卷。公司在营收、利润、ROE（净资产收益率）、ROIC（投入资本回报率）等关键财务指标上均表现出强劲的增长势头，这一系列的增长不仅来自行业整体向上的发展红利，更是公司自身战略布局和管理优化的直接成果。

从财务表现来看，迈为股份采取了一系列行之有效的策略来提升盈利能力。首先，在**成本控制**方面，公司通过优化生产流程、提升设备利用率、加强供应链管理等手段，降低了生产成本，使得整体利润率得以提升。在行业竞争日益激烈、光伏设备价格战频发的背景下，能够有效控制成本成为衡量企业竞争力的重要指标。迈为股份不仅通过技术改进降低了单台设备的生产成本，同时还优化了采购体系，确保原材料成本的稳定性，以避免供应链价格波动带来的风险。此外，公司积极推动自动化和智能化生产，提升生产效率，从而在不增加大量人力成本的情况下，实现了单位产能的显著提升。

其次，在**市场扩展**方面，迈为股份不仅稳固了国内市场的领先地位，还将业务拓展至国际市场，增强了全球竞争力。近年来，全球对清洁能源的需求日益增长，光伏产业在多个国家和地区迎来了政策支持和市场需求的双重推动。迈为股份在这一趋势下，积极开拓海外市场，凭借技术领先优势和高效产品，成功进入多个国家的光伏设备供应链。特别是在欧洲和东南亚市场，公司凭借先进的HJT整线设备赢得了订单增长，同时积极布局本地化服务体系，进一步提升了国际市场份额。

除了内生性增长，公司还通过**并购和战略合作**等方式，进一步增强行业竞争力和市场话语权。通过并购具备核心技术的企业，公司不仅补足了自身在某些领域的技术短板，还通过整合供应链，提高了产品协同效应。与此同时，公司也在与国内外主要光伏组件企业建立长期合作关系，以确保订单的稳定性，并提升整体市场竞争力。这些举措使得迈为股份在竞争激烈的市场环境下依然能够保持稳健增长。

然而，尽管公司在多方面表现优异，外部环境的不确定性仍然是一个不可忽视的挑战。**宏观经济形势的波动、政策变化以及市场竞争的加剧**，都可能对公司的财务表现产生影响。特别是在全球经济复苏不稳定的情况下，部分市场需求可能会出现波动，从而影响公司的订单增长和营收表现。此外，政府的新能源补贴政策调整，也可能对光伏设备行业的整体需求产生一定的扰动。面对这些挑战，公司采取了一系列应对策略，包括**加大研发投入、优化产品结构、加强供应链管理等**，以增强自身的抗风险能力。迈为股份深知，光伏行业技术迭代迅速，唯有保持技术领先，才能确保长期竞争力。因此，公司不断增加研发投入，专注于提升HJT设备的效率和成本控制能力，以保持产品的市场竞争力。

在**股东回报与估值**方面，公司的P/E（市盈率）、P/B（市净率）等估值指标显示出一定的吸引力。尽管股价已经部分反映了市场对于公司未来增长的预期，但考虑到行业的发展潜力和迈为股份的领先地位，股价仍然具备进一步增长的空间。随着HJT技术逐步成熟、渗透率持续提升，公司所处的市场需求有望迎来进一步的增长。不过，股价的高低估问题仍然需要结合市场整体趋势、行业周期以及公司自身的财务数据进行综合评估。

从**风险因素**来看，市场竞争加剧和产品价格波动仍然是公司面临的主要风险。光伏设备行业的特点是技术进步速度快，同时企业之间的竞争压力较大，尤其是在HJT等高效技术逐步普及的过程中，市场可能会出现短期价格战，这对企业的盈利能力提出了更高的要求。迈为股份为了应对这一风险，一方面依靠技术创新和产品升级来保持竞争优势，确保自身产品在市场上具有较强的溢价能力；另一方面，公司正在积极推进多元化经营，通过拓展不同市场、增加产品线等方式，降低单一市场或单一产品对财务表现的影响。

**短期来看**，市场需求的不确定性可能导致某些季度或年度的财务表现出现波动。例如，随着行业周期的变化，光伏设备的需求可能受到政策调整、市场供需关系等因素的影响，使得业绩增长可能存在起伏。但**长期来看**，迈为股份的竞争力依然稳固。随着全球光伏装机量的增长、HJT技术的成熟以及产业链的进一步完善，公司有望持续提升市场份额，并在行业整体增长的趋势中受益。

总的来说，迈为股份在2024年的财务表现充分展现了其在HJT整线设备领域的龙头地位。公司通过优化成本、扩展市场、并购整合等手段，实现了营收、利润等核心指标的稳步增长。尽管行业竞争加剧和市场不确定性仍然存在，但凭借强大的技术创新能力和市场布局，公司有望在未来继续保持稳健增长，并为股东带来可观的长期回报。在光伏行业持续发展的背景下，迈为股份的成长故事仍然在继续，未来的市场空间依然值得期待。"	根据迈为股份的图片信息，根据表格数据，假设PERC技术的银浆耗量为150μm，TOPCon技术的银浆耗量为130μm，如果某公司计划生产100万片太阳能电池，使用TOPCon技术可以节省多少银浆？	20000μm	200000μm	2000000μm	20000000μm	B
sdt	4	data/figure/sdt/2024-08-25--银行-齐鲁银行-详解齐鲁银行2024年半年报：业绩稳健；稳步扩表；资产质量优化_page7_图表8齐鲁银行比年初新增贷款占比.jpg,data/figure/sdt/2024-08-18--银行-江苏银行-详解江苏银行2024年半年报：业绩持续性强；资产质量稳健；消金稳步发力_page8_no_caption.jpg,data/figure/sdt/2024-08-04--软件开发-指南针-公司深度研究：老牌C端金融信息服务商，收购麦高证券开启第二增长极_page26_图23传统券商vs互联网券商客户股票交易资金周转率对比单位.jpg,data/figure/sdt/2024-07-08--交运设备-时代电气-平台型电气解决方案提供商雄鹰展翅，交通与能源两翼齐飞_page39_轨道交通装备业务.jpg,data/figure/sdt/2024-06-20--汽车整车-比亚迪-比亚迪深度研究系列2：复盘丰田成功有迹可循，海外拓展星辰大海可期_page20_图表23海外市场自主品牌销量单位万辆及市占率假设仅作参考.jpg,data/figure/sdt/2024-06-11--中药-马应龙-肛肠细分行业龙头，百年品牌守正创新_page10_图19治痔类产品零售端价格情况.jpg,data/figure/sdt/2024-05-19--电网设备-长缆科技-电缆附件隐形冠军，收购外延布局变压器绝缘油_page11_no_caption.jpg,data/figure/sdt/2024-09-24--光伏设备-迈为股份-HJT整线设备龙头受益于行业规模扩产在即，泛半导体领域加速布局_page68_图103可比公司估值表.jpg	"在2024年9月20日，光伏设备行业正处于快速发展的关键时期，而迈为股份凭借其在HJT整线设备领域的龙头地位，成为市场关注的焦点。随着全球可再生能源需求的持续增长，以及HJT（异质结）技术的逐步成熟，公司在行业扩产浪潮中占据了重要一席。从最新的财务数据来看，迈为股份近年来展现出强劲的增长势头，不仅在营收和利润方面保持稳定提升，在市场拓展、技术创新以及成本优化等方面也取得了显著成效。

根据公司财务报表和未来趋势预测，迈为股份的归母净利润从2022年的8.62亿元稳步增长至2025年的18.07亿元，翻倍式增长的趋势充分反映了公司在市场扩展和成本控制方面的成功。这一增长主要来源于三方面：产能扩张、技术升级和海外市场布局。在成本控制方面，公司持续优化生产流程，提高设备利用率，并通过自动化和智能化手段降低生产成本。近年来，迈为股份在HJT整线设备上的技术突破，使得产品的效率和稳定性得到进一步提升，从而增强了公司在行业中的竞争力。此外，公司积极与上游供应商协同合作，优化原材料采购成本，同时加强供应链管理，确保在原材料价格波动的情况下，能够维持稳定的生产成本。

与此同时，公司不断加大研发投入，专注于HJT技术的优化升级，力求在市场竞争中始终保持技术领先地位。在2023年至2024年期间，公司研发费用大幅增长，集中用于提高设备的光电转换效率、延长设备寿命以及提升生产自动化程度。这些投入在中长期内将显著提升公司的市场竞争力，并进一步巩固其行业龙头地位。

宏观经济和行业背景对迈为股份的财务表现起到了重要的推动作用。近年来，全球各国政府纷纷加强对可再生能源的支持力度，为光伏设备行业创造了良好的发展环境。欧洲、美国以及中国等主要市场相继推出绿色能源政策，加快光伏发电的普及，这直接刺激了光伏设备的需求增长。特别是中国“双碳”目标的推进，进一步加快了国内光伏产业的扩张，使得迈为股份在国内市场获得了更大的发展空间。

然而，机遇与挑战并存。市场竞争的加剧、产品价格的波动，以及技术迭代速度的加快，都是迈为股份需要面对的现实问题。近年来，TOPCon、HJT、BC等高效电池技术路线竞争激烈，不同企业在各自的技术领域中快速布局，行业竞争格局仍在不断演变。迈为股份虽然在HJT整线设备上占据优势，但仍需持续优化产品，确保在下一代光伏设备市场中维持领先地位。

为应对市场变化，公司采取了一系列积极的应对策略，包括深化全球市场布局，在稳固国内市场的基础上，公司加速拓展海外业务，尤其是在欧洲、东南亚和北美市场，通过设立本地化服务中心，提高海外客户的服务响应速度，以增强国际市场竞争力。迈为股份不断优化HJT整线设备，使其具备更高的生产效率和更低的制造成本，从而提升终端客户的投资回报率，增强市场吸引力。通过与上游核心供应商建立长期稳定的合作关系，公司降低了原材料供应的不确定性，并在价格波动周期中保持相对稳定的盈利能力。

从估值角度来看，迈为股份的P/E（市盈率）比值从23下降至11，这一趋势显示市场对于公司未来增长潜力的认可。尽管股价已经在一定程度上反映了市场的预期，但公司仍然具备较大的增长空间。HJT技术的渗透率正在逐步提升，未来随着产业链的成熟和成本的进一步下降，迈为股份的业绩或将迎来更大突破。然而，公司仍需密切关注潜在风险，尤其是市场竞争的进一步加剧和技术革新的挑战。未来几年，随着行业技术路线的不断优化，HJT设备市场可能会面临更激烈的竞争。因此，公司需要加快产品研发，确保在高效光伏设备市场中保持核心竞争力。

从短期来看，由于市场需求的不确定性，公司可能会在季度间出现一定的业绩波动。例如，在新产品推出的初期，可能会因产能爬坡、市场适应期等因素导致短暂的利润波动。此外，全球经济形势的变化，如通货膨胀、汇率波动等，也可能对公司的短期财务表现造成一定影响。但从长期来看，迈为股份依然具备稳健的增长趋势。随着全球光伏产业的持续扩张，HJT电池技术的渗透率不断提升，迈为股份作为该领域的龙头企业，有望持续受益。此外，公司通过加强研发、优化生产流程和拓展海外市场等多种策略，确保其在行业中的领先地位，并持续创造股东价值。

迈为股份在2024年9月20日的财务表现展现了其稳健的成长路径。凭借在HJT整线设备领域的领先优势，公司在营收、利润等核心指标上持续增长，并通过成本优化、市场拓展和技术创新等多重手段，增强了自身的盈利能力和市场竞争力。尽管外部市场环境仍存在不确定性，如市场竞争加剧、价格波动以及政策变化等，但公司通过多元化的产品布局、强有力的供应链管理和全球化战略布局，有望实现长期稳定增长。

未来，迈为股份需要密切关注行业竞争格局的变化，进一步加大研发投入，推动HJT设备的技术升级，以确保自身在行业中的领先地位。与此同时，公司还需持续优化财务管理，灵活应对市场波动，以实现长期稳健的价值创造。随着光伏产业的不断发展和技术的进步，迈为股份仍然有望在全球清洁能源产业链中扮演关键角色，并为股东带来可持续的回报。"	根据迈为股份的图片信息，如果以2024/9/20的收盘价计算，哪家公司的市值与PE比值最低？	奥特维	晶盛机电	帝尔激光	捷佳伟创	B
sdt	5	data/figure/sdt/2024-08-25--银行-齐鲁银行-详解齐鲁银行2024年半年报：业绩稳健；稳步扩表；资产质量优化_page8_图表11齐鲁银行净非息收入同比增速与占比营收情况.jpg,data/figure/sdt/2024-08-18--银行-江苏银行-详解江苏银行2024年半年报：业绩持续性强；资产质量稳健；消金稳步发力_page9_图表12江苏银行净非息收入同比增速与占比营收情况.jpg,data/figure/sdt/2024-08-02--化学制药-德源药业-德源药业首次覆盖报告：深耕慢性病药物，仿制创新双轮驱动公司成长_page9_表3分业务预测百万元.jpg,data/figure/sdt/2024-07-08--生物制品-凯因科技-丙肝新药快速放量，乙肝在研新药进展可期_page17_表7派益生慢性乙肝适应症的销售预测.jpg,data/figure/sdt/2024-06-20--汽车整车-比亚迪-比亚迪深度研究系列2：复盘丰田成功有迹可循，海外拓展星辰大海可期_page45_图表93环境奖金的主要变化.jpg,data/figure/sdt/2024-06-11--中药-马应龙-肛肠细分行业龙头，百年品牌守正创新_page18_表4公司收入拆分及盈利预测百万元.jpg,data/figure/sdt/2024-05-19--光伏设备-福斯特-光伏景气底部看龙头系列（一）：全方位优势在手，胶膜龙头谱写新篇章_page24_图表551Q24末福斯特在手资金较二三线企业优势明显亿元.jpg,data/figure/sdt/2024-09-24--光伏设备-迈为股份-HJT整线设备龙头受益于行业规模扩产在即，泛半导体领域加速布局_page29_图48银价6000元KG时HJT与TOPCon不同技术路线下的成本比较.jpg	"在2024年的光伏设备行业中，迈为股份迎来了前所未有的发展机遇。那一年，整个行业正处于规模扩产的关键时期，而迈为股份凭借其HJT整线设备的龙头地位，不仅牢牢占据了市场的制高点，还在激烈的竞争中脱颖而出。公司高层早已预见到行业未来的巨大潜力，于是在技术研发和生产能力上大力投入，力争在每个环节都做到精益求精。随着新一代光伏设备的不断推出，迈为股份的产品线逐步丰富，市场反应也日渐热烈，带动了整体财务数据的不断攀升。

从公司的三大财务报表及关键指标来看，迈为股份在营收、利润、ROE、ROIC和现金流等方面都展现了强劲的增长势头。每一份报表都仿佛是一部详细记录着公司发展历程的史书，记载着从最初的艰辛探索到如今的行业领先。尤其是在营收数据上，公司的持续扩张和市场开拓让外界看到了一个充满活力和无限可能的企业形象。与此同时，稳健的利润率和不断改善的资产回报率也为公司赢得了投资者的广泛信任和青睐，成为市场中一道亮丽的风景线。

迈为股份在发展过程中采取了一系列战略措施，这其中既有严格的成本控制，也有大力的市场扩展，更有及时而果断的并购行动。这些措施无一不显示出公司对行业形势和宏观经济环境变化的敏锐洞察力。正是在这样的战略布局下，公司成功规避了许多潜在的风险和挑战，确保了在市场波动中依然能够稳步前行。管理层深知，只有不断优化内部管理、提升产品竞争力，才能在瞬息万变的市场环境中立于不败之地。因此，无论是面对原材料价格波动，还是面对国内外竞争对手的猛烈冲击，迈为股份都制定了详尽而有效的应对策略，力求在变化中寻找到新的突破口。

公司的发展并非一帆风顺，但每一次挑战都成为了迈为股份成长的催化剂。短期内，由于市场竞争加剧和价格波动带来的不确定性，某些季度或年份的财务数据曾出现较大波动。然而，公司高层通过及时调整战略，优化生产和销售环节，成功将这些不利因素转化为进一步发展的动力。在不断试错和改进中，公司不仅积累了宝贵的行业经验，也建立起了一套完善的风险管理体系，为未来的持续稳定增长奠定了坚实基础。正是这种在波动中不断磨炼与提升的精神，使得迈为股份在面对复杂的外部环境时依然能够保持战略定力和市场竞争力。

与此同时，迈为股份还注重与供应链上下游企业建立长期稳定的合作关系，共同推动行业的健康发展。公司不仅在技术研发上不断寻求突破，还通过积极并购和战略合作，整合各方资源，形成了强大的产业生态圈。这种开放、合作的经营理念，使得迈为股份在行业内迅速树立了良好的口碑和品牌形象，也为其在全球化竞争中赢得了更多的话语权和主动权。股东们从每一份利润分红和业绩报告中都看到了公司的成长和前景，他们对未来充满信心，坚信公司会在未来的市场中继续稳步攀升。

纵观整个行业的发展历程，迈为股份的成功不仅仅体现在财务数据的亮眼，更在于其背后不断追求卓越、敢于创新的企业精神。在光伏设备行业这个充满挑战和机遇的领域里，公司始终保持着对技术、市场和管理的高度敏感，凭借着坚定的战略眼光和卓越的执行力，迈为股份不仅实现了自身价值的快速增长，也为整个行业树立了标杆。未来，无论市场风云如何变幻，这家充满活力和创新精神的企业都将继续书写新的传奇，迎接更加辉煌的明天。"	根据迈为股份的图片信息，根据图表，HJT电池使用0BB+30%银包铜浆料时，单W银包铜浆料成本为多少元/W？	0.021	0.041	0.027	0.034	A
sdt	6	data/figure/sdt/2024-08-25--银行-齐鲁银行-详解齐鲁银行2024年半年报：业绩稳健；稳步扩表；资产质量优化_page9_图表12齐鲁银行资产质量指标.jpg,data/figure/sdt/2024-08-18--银行-江苏银行-详解江苏银行2024年半年报：业绩持续性强；资产质量稳健；消金稳步发力_page11_no_caption.jpg,data/figure/sdt/2024-08-02--航天航空-中无人机-大型固定翼长航时无人机系统领军企业，国内外业务双轮驱动_page7_表3可比公司PE预测Wind一致预期数据截止日期20240801.jpg,data/figure/sdt/2024-07-05--计算机设备-诺瓦星云-受益于MLED及超高清趋势，出海带来增长alpha_page10_表6公司2021年在前五大客户中的份额相较2020年提升单位万元.jpg,data/figure/sdt/2024-06-20--工程机械-中联重科-多元化产品及海外差异化布局构筑核心竞争力_page19_图表4320232025年美国欧洲十国高空作业平台市场保有量预测.jpg,data/figure/sdt/2024-06-10--中药-方盛制药-公司首次覆盖报告：聚焦创新中药主业，“338”大产品战略稳步推进_page12_表720192022年藤黄健骨片销售额占缓解期和康复期适用药品总销售额的比例呈提升趋势.jpg,data/figure/sdt/2024-05-19--光伏设备-福斯特-光伏景气底部看龙头系列（一）：全方位优势在手，胶膜龙头谱写新篇章_page34_图表80公司胶膜业务分拆预测.jpg,data/figure/sdt/2024-09-24--光伏设备-迈为股份-HJT整线设备龙头受益于行业规模扩产在即，泛半导体领域加速布局_page32_表5HJT单线设备产能放大2024年8月已提升至12GW级别.jpg	"在2018年至2024年的财务报表中，我们可以清晰地看到公司在光伏设备领域的投资步步为营、逐年递增的轨迹。从最初的100MW到最终达到1.2GW的规模，这一跨越不仅代表了产能的提升，更见证了公司在技术革新和战略布局上的不断进步。每一年的报表都像是一幅逐渐展开的宏伟蓝图，描绘着公司从探索到稳健扩张的历程。

回顾这段时期，公司的营收与利润呈现出明显的上升趋势。单条产线设备的投资额从2018年的1亿元稳步攀升到2024年的4.8亿元，这一数字背后是公司对成本控制的严苛要求和市场扩展策略的成功实施。公司不断引进更高效的生产设备，优化生产流程，通过技术改造降低单位产品成本，从而大幅提升了利润率。在这个过程中，并购战略也起到了关键作用，通过整合行业内优质资源，公司不仅稳固了自身市场地位，更为未来的扩张打下坚实的基础。

然而，辉煌的背后总伴随着挑战。宏观经济环境和行业政策的变动，对公司的财务表现产生了深远的影响。在某些年份，新能源补贴政策的调整使得市场需求出现波动，加上行业内竞争愈发激烈，价格战时有发生，公司不得不面对利润被侵蚀的风险。全球经济形势的不确定性，也在一定程度上增加了经营管理的复杂性。面对这些风险，公司始终保持高度警觉，不断调整战略，通过加强技术研发、提升产品竞争力来缓解外部压力。同时，拓展海外市场成为分散风险的重要举措，凭借对国际市场需求的敏锐捕捉，公司成功开辟了多元化的发展空间。

在股东回报与估值方面，公司的P/E比率和P/B比率经历了一定的波动。尽管短期内受到了市场和政策环境的影响，股价表现并非一帆风顺，但长远来看，技术的不断进步和市场需求的持续增长为公司未来的发展提供了充足动力。投资者对公司未来前景充满期待，认为随着公司不断优化成本结构、加强研发投入，其估值水平将逐步回归理性，甚至展现出被低估的迹象。

整体而言，公司的财务数据不仅反映了行业发展趋势，也见证了企业在市场竞争中不断创新和调整的决心。从最初的规模探索到如今的成熟布局，每一步都凝聚着管理层的智慧和全体员工的努力。公司通过不断优化内部管理体系和完善风险控制机制，成功应对了市场竞争、价格波动等诸多挑战，展现了出色的短期调节能力和长期持续增长的潜力。

展望未来，公司将在现有基础上继续深化改革，加大在光伏设备领域的技术创新和产能扩充力度，同时积极开拓新兴市场和国际业务。通过整合更多高质量资源，不断提升生产效率和产品附加值，公司有望在未来几年内实现更为显著的业绩突破。虽然外部环境依然充满变数，但公司稳健的战略和灵活的应变能力，足以让其在激烈的市场竞争中立于不败之地。正如财务报表中逐年的数据所显示的那样，每一个数字的背后，都凝结着公司对未来的信心和对市场机遇的精准把握。"	根据迈为股份的图片信息，比较2020年400MW和2018年100MW的一条线电池设备投资额情况，哪一年的单条产线设备投资额更高？	2020年	2018年	两者相同	无法确定	A
sdt	7	data/figure/sdt/2024-08-25--银行-齐鲁银行-详解齐鲁银行2024年半年报：业绩稳健；稳步扩表；资产质量优化_page10_图表14齐鲁银行县域金融主要指标.jpg,data/figure/sdt/2024-08-18--银行-江苏银行-详解江苏银行2024年半年报：业绩持续性强；资产质量稳健；消金稳步发力_page12_图表17江苏银行两类小微客群及信贷增长情况.jpg,data/figure/sdt/2024-07-31--电子元件-朗鸿科技-数码防盗行业翘楚，份额不断提升_page12_表3公司未来盈利预测拆分.jpg,data/figure/sdt/2024-07-05--计算机设备-诺瓦星云-受益于MLED及超高清趋势，出海带来增长alpha_page30_表15公司分业务收入预测单位百万元.jpg,data/figure/sdt/2024-06-19--电机-卧龙电驱-公司首次覆盖报告：工业电机有望受益于节能设备改造，航空电机卡位低空经济_page18_表9预计公司各业务保持稳健增长.jpg,data/figure/sdt/2024-06-10--中药-方盛制药-公司首次覆盖报告：聚焦创新中药主业，“338”大产品战略稳步推进_page22_表16公司的依折麦布片为国内首仿具备先发优势.jpg,data/figure/sdt/2024-05-19--光伏设备-福斯特-光伏景气底部看龙头系列（一）：全方位优势在手，胶膜龙头谱写新篇章_page6_图表3组件价格及WACC下降对光伏项目IRR提升贡献显著敏感性分析.jpg,data/figure/sdt/2024-09-24--光伏设备-迈为股份-HJT整线设备龙头受益于行业规模扩产在即，泛半导体领域加速布局_page54_表19国内CellModule制程激光设备每年的市场空间在25亿元左右.jpg	"在2021年至2026年期间，国内OLED产线设备投资额经历了显著的变化，呈现出先增长后趋稳的趋势。从2021年的600亿元增长到2024年的850亿元，随后在2025年和2026年稳定在700亿元左右。这一变化不仅反映了行业的发展周期，也展现了公司在面对市场环境和竞争压力时所采取的战略调整。在早期阶段，公司通过一系列成本控制措施优化了生产流程，提高了设备的利用率，并有效降低了单位生产成本，使得2021年至2023年间的利润水平保持稳定。然而，随着市场需求的增长和OLED技术的持续升级，公司在2024年加大了投资力度，进一步扩展产能，以提升产品质量并巩固市场地位。这一阶段的投资增长在短期内增加了资本支出，但从长期来看，为公司的技术优势和市场竞争力奠定了坚实基础。

在财务表现方面，公司在投资增长的同时，依然保持了较高的ROE（净资产收益率）和ROIC（投入资本回报率）水平，显示出其强劲的盈利能力。尽管资本支出增加，公司依然通过优化运营效率、加强成本管理以及提升产品附加值，实现了稳健的财务增长。与此同时，公司在这一期间还采取了并购策略，以整合行业资源，进一步强化市场竞争力。通过并购优质资产，公司不仅扩大了生产规模，还获得了先进的技术储备，从而提高了在OLED设备领域的市场份额。这些举措使得公司在市场竞争日益激烈的环境中保持了稳固的领先地位。

宏观经济和行业背景对公司的财务表现产生了重要影响。政策变化、市场竞争以及全球经济形势的波动，都对公司的发展战略产生了深远的影响。例如，政府对新能源和新型显示技术的支持政策，为OLED行业的发展提供了重要的政策红利。特别是在国家推动“碳中和”目标的背景下，OLED凭借其低能耗、高效能的特点，成为下一代显示技术的重要方向，推动了行业整体需求的增长。同时，行业内的竞争也日益加剧，主要厂商纷纷加大研发投入，以提升产品性能和降低生产成本。在这样的市场环境下，公司不断优化产品结构，提升技术水平，以确保自身的竞争优势。此外，在全球经济形势不稳定的情况下，公司通过多元化经营策略分散风险，减少对单一市场的依赖，确保了业务的持续增长。

从股东回报与估值的角度来看，公司在2021年至2026年期间的P/E（市盈率）和P/B（市净率）指标显示出其股价相对合理，既不过高也不过低。这表明市场对于公司的长期增长潜力仍然保持信心。随着OLED技术的不断成熟和市场的进一步扩展，公司未来的股价仍有较大的增长空间。特别是在新技术应用加速、产品升级带动市场需求增长的背景下，公司有望实现更高的盈利水平。然而，市场竞争的加剧仍然是公司需要重点关注的风险因素。此外，原材料价格波动、供应链管理问题以及全球经济不确定性，均可能对公司短期内的财务表现带来一定压力。为此，公司需要加强研发投入，持续提升产品竞争力，同时优化供应链管理，以确保长期稳健发展。

短期来看，公司可能会面临一定的财务波动，尤其是在2024年和2025年，由于大规模投资带来的资本支出增长，短期内利润水平可能受到一定影响。然而，随着产能的逐步释放和新技术的落地应用，公司在长期内的财务状况将得到显著改善。为了应对这些短期挑战，公司需要灵活调整经营策略，包括优化投资结构、控制成本支出、加快市场拓展等，以确保整体盈利能力的稳步提升。同时，公司还需持续关注行业技术发展趋势，确保在下一轮技术竞争中保持领先地位。

总体而言，在2021年至2026年这一关键发展阶段，公司通过合理的战略调整，在OLED设备行业保持了稳健增长。尽管短期内资本支出较大，但长期来看，这些投资将进一步增强公司的市场竞争力，并推动企业进入新的增长周期。随着全球OLED市场的持续扩大，公司在技术创新、市场拓展和财务稳健性方面的表现，将决定其在行业中的长期竞争地位。未来，公司仍需密切关注市场环境变化，灵活调整经营策略，以确保在行业发展周期中持续保持领先优势，并实现股东价值的稳步增长。"	根据迈为股份的图片信息，2025年预计国内Module制程激光设备市场空间占整体激光设备市场的比重是多少？	0.05	0.1	0.15	0.2	A
sdt	8	data/figure/sdt/2024-08-25--生物制品-特宝生物-派格宾保持快速增长，新产品珮金贡献增量_page4_no_caption.jpg,data/figure/sdt/2024-08-18--银行-江苏银行-详解江苏银行2024年半年报：业绩持续性强；资产质量稳健；消金稳步发力_page11_图表16江苏银行各行业不良率情况.jpg,data/figure/sdt/2024-07-31--航空机场-上海机场-2024H1公司利润同比大幅增长，回购+激励彰显信心_page2_附一合幷損益表.jpg,data/figure/sdt/2024-07-04--风电设备-振江股份-海风和支架两大引擎，西门子能源和GCS核心供应商_page9_表3振江股份盈利预测单位亿元.jpg,data/figure/sdt/2024-06-19--专用设备-科达制造-领先掘金非洲建材蓝海，陶机主业仍具成长空间_page13_图17全球中国及撒哈拉以南非洲地区城镇化率情况.jpg,data/figure/sdt/2024-06-10--中药-方盛制药-公司首次覆盖报告：聚焦创新中药主业，“338”大产品战略稳步推进_page25_表19基于关键假设预计公司各板块收入增速保持稳健.jpg,data/figure/sdt/2024-05-17--消费电子-立讯精密-果链龙头再起航，汽车、通信共驱成长_page6_表3可比公司估值比较股价为2024年5月6日数据.jpg,data/figure/sdt/2024-09-22--航运港口-中远海能-全球油气航运龙头，油运上行凸显价值_page16_图表34成品油东油西运利好需求供给增量对冲船队更新市场景气度仍处高位.jpg	"在2021年至2025年的财务报表中，中远海能作为全球油气航运行业的龙头企业，其财务表现展现出稳健增长的趋势，并在市场环境、竞争格局、股东回报、估值变化以及风险管理等方面取得了显著进展。从财务指标来看，公司在2021年至2023年期间实现了营收和利润的稳步增长，这主要得益于公司在成本控制和市场扩展方面的持续努力。公司通过优化航线布局、提升运输效率、精细化管理运营成本，同时积极拓展国际市场和扩大LNG（液化天然气）运输业务，为业绩增长提供了强劲支撑。此外，公司通过并购和战略合作的方式进一步增强了市场份额，并巩固了其在全球能源运输行业的领先地位。

然而，到了2024年和2025年，尽管全球能源需求持续增长，公司总收入仍然保持上升趋势，但增长率有所放缓。这种放缓的主要原因在于全球经济形势的不确定性加剧，包括地缘政治冲突、国际原油价格波动以及全球航运市场供需关系的变化。此外，航运行业整体运价的波动、环保法规的日益严格以及行业竞争加剧，也对公司未来的盈利能力带来一定挑战。面对这些外部因素，公司积极调整战略，继续推进燃油效率优化、智能化航运管理，并加快LNG运输船队扩张，以确保其长期竞争力和市场份额的稳定。

在市场环境与竞争方面，公司所处的油气运输行业受到全球政策调整的深远影响。例如，政府对环保要求的提高，促使航运企业加大绿色低碳投资，公司在这方面也加快了船舶升级步伐，积极引入LNG动力船和节能环保技术，以满足国际航运行业的低碳排放标准。此外，随着全球能源结构的调整，传统原油运输需求虽然仍然占据主导地位，但LNG运输的需求正在快速上升，公司因此加大了LNG运输业务的投入，以抢占未来增长机遇。同时，市场竞争的加剧使得公司需要持续创新，以提升运输效率、降低成本并提供更具竞争力的航运解决方案，从而确保在全球市场中的领先地位。

从股东回报和估值的角度来看，公司在2021年至2023年期间的P/E（市盈率）和P/B（市净率）保持相对稳定，但在2024年和2025年有所上升。这一变化表明市场对公司未来的增长潜力持乐观态度，预计公司在LNG市场的扩张将带来更高的回报。同时，公司保持了稳定的股东回报政策，通过定期分红和股东回购计划提升投资者信心，并增强其在资本市场的吸引力。值得注意的是，尽管市场对公司增长前景有较高预期，但投资者仍需关注行业周期性波动对估值的影响，特别是在原油运输需求变化以及运费波动较大的情况下，公司可能需要调整资本支出和业务重点，以维持长期稳定的回报。

在风险因素与应对策略方面，公司面临的主要挑战包括市场竞争加剧、国际原油价格和航运运价波动、环保法规的不断加强，以及全球经济不确定性等。为应对这些风险，公司采取了多项策略，如提升燃油效率、加强技术研发、优化船队结构，并积极拓展多元化业务，以增强抗风险能力。例如，公司不仅提升了智能航运系统的应用，以降低航运成本和提升运营效率，还积极投资可持续航运技术，包括LNG动力船、氨燃料船等新型低碳技术，以适应未来航运市场的环保要求。此外，公司通过与国际能源企业建立长期合作伙伴关系，确保长期运输合同的稳定性，以降低市场波动带来的短期财务风险。

短期来看，2024年和2025年可能会面临一定的市场波动，特别是在国际原油需求和运费不确定性增加的情况下，公司需要灵活调整运营策略，以确保稳定增长。然而，从长期来看，随着全球能源市场的持续发展，尤其是LNG运输需求的上升，公司有望实现长期稳健发展。LNG船队的扩张、智能化航运管理的推进、绿色航运的布局以及成本优化的持续进行，都将为公司未来的盈利增长奠定坚实基础。此外，随着全球经济复苏和航运市场的稳定，公司预计将在2025年后迎来更可观的增长机会，并进一步巩固其在全球油气航运市场中的龙头地位。

综合来看，中远海能在2021年至2025年期间展现出了稳定增长的态势，尽管短期内受到市场波动的影响，但通过精准的市场布局、持续的成本优化和新兴市场的业务扩展，公司具备较强的长期发展潜力。随着全球能源运输需求的不断演变，公司未来的增长点不仅来自传统油品运输业务，还将在LNG运输、智能化航运管理和环保船舶技术应用等新领域取得突破，为股东创造更高的长期价值。"	根据中远海能的图片信息，2025年MR/Handy/SR成品油运力预计增长多少百分比？	0.028	0.013	0.051	0.113	A
sdt	9	data/figure/sdt/2024-08-23--银行-兴业银行-详解兴业银行2024半年报：净息差保持稳定，净利润增速实现由负转正_page5_图表7兴业银行资产负债增速和结构占比.jpg,data/figure/sdt/2024-08-18--银行-江苏银行-详解江苏银行2024年半年报：业绩持续性强；资产质量稳健；消金稳步发力_page13_no_caption.jpg,data/figure/sdt/2024-07-30--美容护理-百亚股份-公司深度研究：立足大单品策略，电商渠道加速弯道超车_page25_图622017年与2023年女性卫生用品成人失禁用品与婴儿卫生用品CR10品牌及市占率.jpg,data/figure/sdt/2024-07-03--纺织服装-富安娜-公司深度报告：匠心铸就艺术美学，品牌恒久远_page26_表9营收拆分万元.jpg,data/figure/sdt/2024-06-19--专用设备-科达制造-领先掘金非洲建材蓝海，陶机主业仍具成长空间_page25_表10全球陶瓷前十大消费国销量及市占率情况.jpg,data/figure/sdt/2024-06-07--生物制品-博雅生物-聚焦血液制品主业，新浆站、新产品打开成长空间_page22_表7公司获批浆站及采浆量情况.jpg,data/figure/sdt/2024-05-17--电子元件-伊戈尔-受益于数据中心与配电网景气度，海外变压器快速拓展_page9_表5国内和全球光伏升压变压器市场空间测算亿元.jpg,data/figure/sdt/2024-09-22--航运港口-中远海能-全球油气航运龙头，油运上行凸显价值_page18_图表38中远海能估值模型核心假设.jpg	"在2024年至2026年期间，中远海能作为全球油气航运领域的龙头企业，展现了稳步增长的财务表现，并在行业竞争日趋激烈的背景下，通过市场拓展、成本控制和业务优化等多重策略，保持了稳定的发展态势。从营业收入来看，公司预计从2024年的263.66亿元增长至2026年的296.65亿元，年均增长率约为6.1%。这一增长主要归因于公司在油品运输和LNG运输业务上的持续扩张。特别是在油品运输方面，公司通过优化航线布局、提升运输效率以及深化与客户的长期合作关系，实现了显著的业绩提升。同时，公司加强了对船队的精细化管理，提高运力利用率，使得整体运营效率进一步优化，确保了盈利能力的稳定增长。

在成本控制方面，中远海能采取了一系列有效措施，确保在市场波动和成本压力增加的情况下，仍能保持竞争优势。首先，公司持续优化船舶运营模式，降低燃油消耗并提升航运效率，这一策略不仅降低了直接运营成本，也提升了公司在绿色航运领域的市场竞争力。其次，公司加大了对数字化航运管理系统的投入，通过智能调度系统提升船队运营效率，并利用大数据分析优化航运路线，减少空载航行时间，进一步提高整体盈利能力。此外，在长期租船和合同管理方面，公司与主要能源企业建立了稳固的合作关系，确保了业务的稳定性，并在市场出现波动时具备较强的抗风险能力。

市场环境方面，全球经济形势的不确定性对中远海能的财务表现产生了一定影响，但公司在面对市场竞争时展现了较强的适应能力。近年来，全球能源市场的供需格局发生变化，地缘政治风险和政策调整也对航运市场带来一定的挑战。尽管如此，公司凭借在LNG运输领域的优势地位，通过提前锁定长期合同，确保了稳定的收入来源。同时，政府对清洁能源的支持政策也为公司带来了新的机遇。随着全球能源结构调整和LNG需求的持续上升，公司加大了LNG运输船队的投入，扩大了全球市场的业务布局，为未来业绩增长提供了新的动力。此外，公司还积极探索新能源船舶的发展方向，提升船舶低碳化改造水平，以符合全球绿色航运的政策趋势，确保其长期竞争力。

从股东回报和估值的角度来看，中远海能的P/E（市盈率）、P/B（市净率）等估值指标均处于较为合理的水平，表明公司目前并未被市场高估或低估，具备稳定的投资价值。未来股价的增长潜力主要取决于公司在新业务领域的拓展、LNG运输市场的进一步开拓以及成本控制能力的持续提升。为了增强股东回报，公司计划采取稳定的分红政策，同时优化资本结构，以提高资产回报率。此外，公司也在积极进行船队升级，提升船舶的燃油效率和运营能力，以增强长期竞争力，提高盈利水平，并进一步吸引长期投资者。

尽管公司在多个方面取得了显著进展，但仍然面临一定的风险因素。首先，全球市场竞争的加剧可能会对航运运价产生影响，特别是在供需关系发生变化时，可能会对公司收入端造成一定压力。其次，原油价格和燃油成本的波动对公司的利润率具有直接影响，公司需要持续关注能源市场的价格趋势，并采取灵活的对冲策略降低成本压力。此外，全球航运行业正在向绿色低碳转型，公司需要在符合行业法规和环保标准的同时，继续优化船队结构，提升环保合规能力，以确保未来能够持续参与全球能源航运市场的竞争。

短期来看，公司预计在2024年和2025年仍能保持稳定的增长速度，但由于全球经济不确定性增加，2026年的增长可能会受到一定挑战。因此，公司需要在市场拓展、成本优化以及技术升级等方面继续保持灵活应对策略，以确保业绩的稳定增长。从长期来看，随着全球能源需求的持续增长，尤其是LNG市场的快速发展，以及公司在航运领域的深厚积累和持续投入，中远海能有望在未来实现稳健的增长，并进一步巩固其全球油气航运龙头的行业地位。

综合来看，中远海能在2024年至2026年期间展现出了稳健的增长趋势，并在市场扩展、成本控制和技术升级等方面取得了显著的进展。尽管市场仍然存在一定的不确定性，但公司通过优化运营管理、强化市场布局以及推进绿色航运战略，成功提升了自身竞争力，并为未来的稳定增长奠定了坚实基础。随着全球能源市场的进一步发展，以及公司在LNG运输市场的持续扩张，中远海能有望继续保持行业领先地位，为股东创造更高的长期价值。"	根据中远海能的图片信息，2025年LNG运输业务的营业收入预计为18.58亿元，相比2024年的增长率是多少？	0.01	0.1363	0.0119	0.2818	C
sdt	10	data/figure/sdt/2024-08-23--银行-兴业银行-详解兴业银行2024半年报：净息差保持稳定，净利润增速实现由负转正_page6_图表9兴业银行比年初新增贷款占比.jpg,data/figure/sdt/2024-08-16--光伏设备-帝尔激光-2024年中报点评：减值影响二季度利润，海外电池扩产带来机遇_page4_no_caption.jpg,data/figure/sdt/2024-07-30--美容护理-百亚股份-公司深度研究：立足大单品策略，电商渠道加速弯道超车_page33_图82卫生巾与裤式卫生巾2023Q4天猫京东pmb抖音累计电商销售额亿元及TOP10排名.jpg,data/figure/sdt/2024-07-03--消费电子-立讯精密-果链龙头，AI助力再腾飞_page25_图表66公司收入拆分.jpg,data/figure/sdt/2024-06-19--专用设备-科达制造-领先掘金非洲建材蓝海，陶机主业仍具成长空间_page9_表3公司主营业务整体毛利率分产品毛利率营收占比情况.jpg,data/figure/sdt/2024-06-06--半导体-海光信息-AI芯片概念股，国产CPU+DCU芯片设计厂商，公司一季度扣非净利润增长42.7%_page8_2024一季度海光信息前十大流通股股东持仓情况.jpg,data/figure/sdt/2024-05-17--电子元件-伊戈尔-受益于数据中心与配电网景气度，海外变压器快速拓展_page19_表10伊戈尔业务拆分.jpg,data/figure/sdt/2024-09-21--化学制品-天奈科技-动态报告：导电剂龙头持续迭代，积极推进一体化布局_page14_表10公司业务拆分.jpg	"在2023年至2026年的财务报表中，公司在复杂的市场环境中经历了一系列关键财务指标的变化，展现出从挑战到复苏，再到持续增长的全过程。公司在这几年间面临着市场竞争加剧、全球经济不确定性以及供应链波动等多方面因素的影响，但通过优化内部管理、加强成本控制、拓展市场布局以及加大研发投入，公司成功应对了这些挑战，并逐步实现了稳健增长。

从2023年到2024年，公司营业收入经历了一定程度的下滑，主要原因在于市场竞争加剧、行业整体需求下降，以及全球经济形势的不稳定。在这一年，客户需求相对疲软，市场价格承压，同时部分原材料价格的波动也对成本端带来了一定的压力。面对这些挑战，公司迅速调整策略，采取了更为严格的成本控制措施，包括优化供应链管理、精细化运营以及提升生产效率，从而有效降低了营业成本。尽管收入有所下降，但通过对生产流程的优化，公司成功提高了毛利率，使其在严峻的市场环境下仍然能够保持盈利能力。然而，尽管公司在降本增效方面取得了一定成效，但整体财务表现仍然受到市场大环境的制约，盈利能力短期内未能实现大幅增长。

进入2025年，随着全球宏观经济的逐步回暖，以及行业政策支持力度的进一步加大，公司迎来了市场需求的回升，并开始加快市场拓展步伐。面对新的增长机遇，公司积极布局国内外市场，并通过精准的市场营销策略提升了品牌影响力，扩大了客户群体。此外，公司在这一年进行了几项关键并购，收购了一些具有战略价值的企业或技术，从而进一步提升了市场份额和技术储备。这些并购活动不仅增强了公司在行业中的竞争力，也推动了整体营业收入的增长。同时，公司继续加强内部管理，优化生产流程，提高运营效率，使得营业成本进一步下降，毛利率得以持续上升。得益于这一系列举措，公司在2025年取得了显著的盈利增长，并为股东创造了更高的回报。然而，尽管公司在这一年取得了亮眼的成绩，未来仍需关注全球经济环境的不确定性以及行业内竞争格局的变化，以确保其增长的可持续性。

到2026年，公司进一步巩固了市场地位，营业收入和毛利率均达到较高水平。在这一年，公司加大了研发投入，并积极推动产品创新，推出了一系列具有竞争力的新产品和新服务，以进一步满足市场需求。这一战略不仅增强了公司的市场竞争力，也使其能够在行业技术升级的浪潮中占据有利位置。同时，公司实施了多元化经营策略，积极拓展新的业务领域，如智能制造、绿色能源和数字化服务等，以降低对单一市场的依赖，并增强整体抗风险能力。为了实现可持续增长，公司还进一步优化了资产配置，提高了资本利用效率，并加强了对供应链的管控，确保生产的稳定性和成本的可控性。

从财务表现来看，2026年公司的盈利能力进一步增强，营业收入和利润持续增长，毛利率保持稳健。同时，公司通过优化资本结构，提高了资产周转率，并降低了财务杠杆，从而进一步提升了财务稳健性。此外，公司在这一年继续推进股东回报计划，通过稳定的分红政策以及适时的股票回购，为股东创造了更稳定和持续的回报。这一系列举措使得公司在资本市场上保持了较高的投资吸引力，并进一步增强了市场对其未来成长的信心。

总体来看，公司在2023年至2026年期间，经历了从市场低谷到稳健增长的转变，并在关键财务指标上展现出良好的增长态势。尽管2023年至2024年面临市场需求疲软和全球经济不确定性的挑战，公司通过严格的成本控制和精细化管理，成功降低了营业成本，并提升了毛利率。而在2025年和2026年，公司在市场扩展、并购整合、技术创新以及多元化发展等方面取得了突破，实现了收入和盈利的持续增长。然而，未来仍需关注潜在的市场风险，包括原材料价格波动、行业竞争加剧、政策环境变化以及全球经济的不确定性。为了确保长期稳定发展，公司需要继续优化供应链管理、提升技术创新能力，并进一步拓展国际市场，以保持其在行业中的领先地位。同时，通过稳健的财务管理和资本运作策略，公司有望在未来几年实现更加可持续的增长，并不断提升股东价值。"	根据天奈科技的图片信息，根据表格数据，2023年碳纳米管导电浆料的毛利率为多少？	0.3376	0.35	0.375	0.36	A
sdt	11	data/figure/sdt/2024-08-23--银行-兴业银行-详解兴业银行2024半年报：净息差保持稳定，净利润增速实现由负转正_page7_图表12兴业银行资产质量.jpg,data/figure/sdt/2024-08-15--化学制药-科伦药业-三发驱动，发展驶入快车道_page19_no_caption.jpg,data/figure/sdt/2024-07-30--美容护理-百亚股份-公司深度研究：立足大单品策略，电商渠道加速弯道超车_page35_图86自由点七度空间苏菲护舒宝抖音平台各维度数据对比.jpg,data/figure/sdt/2024-07-02--食品饮料-中炬高新-浅析激励实现路径_page20_图表23中炬高新各类型市场与可比公司对比.jpg,data/figure/sdt/2024-06-19--专用设备-科达制造-领先掘金非洲建材蓝海，陶机主业仍具成长空间_page19_no_caption.jpg,data/figure/sdt/2024-06-06--电机-卧龙电驱-全球电机龙头企业，航空电机具备卡位优势_page13_图表26航空电机与新能源汽车电机的性能指标对比.jpg,data/figure/sdt/2024-05-17--光学光电子-凯盛科技-深度报告：材料平台，一日千里_page28_表9公司营收拆分假设表.jpg,data/figure/sdt/2024-09-18--电子化学品-安集科技-业绩稳健增长，先进制程产品持续上量_page1_图表1公司2024年上半年财务报告摘要.jpg	"在2024年上半年，安集科技的财务表现稳健增长，尤其是在营业收入和营业利润方面取得了显著的成绩。从图表中可以看出，2024年上半年的营业收入为797.27百万元，同比增长38.68%，这主要得益于公司在先进制程产品上的持续上量以及市场扩展策略的成功实施。公司通过加大研发投入，优化产品结构，提高了产品的竞争力，从而吸引了更多的客户。同时，公司还采取了有效的成本控制措施，使得营业总成本虽然有所增加，但增幅略高于营业收入，显示出良好的成本管理能力。

然而，值得注意的是，尽管营业收入和营业利润实现了增长，但净利润却出现了小幅下滑，同比下降0.43%。这主要是由于资产减值损失和其他经营收益的减少所致。此外，公司的研发费用也大幅增加，同比增长42.72%，这表明公司在技术创新和产品研发方面投入了大量资源，以保持其在行业中的竞争优势。

结合宏观经济和行业背景来看，电子化学品行业受到政策变化和技术进步的影响较大。近年来，国家对半导体行业的支持力度不断加大，为公司的发展提供了良好的外部环境。同时，全球半导体市场需求旺盛，也为公司带来了更多的发展机遇。然而，市场竞争激烈，价格波动频繁，这些因素都可能对公司未来的财务表现产生影响。

从股东回报与估值角度来看，公司的P/E比值相对较高，这可能意味着市场对公司未来增长潜力持乐观态度。然而，考虑到当前全球经济形势的不确定性，投资者需要谨慎评估公司的估值水平。未来股价的增长潜力将取决于公司在技术研发、市场拓展等方面的表现，以及能否有效应对市场竞争和价格波动等风险。

为了应对可能的风险因素，公司已经制定了一系列应对策略。首先，公司将加强与客户的合作关系，提高客户粘性，以降低市场竞争带来的风险。其次，公司将持续加大研发投入，提升产品竞争力，以应对价格波动带来的挑战。最后，公司将优化内部管理流程，提高运营效率，以降低成本压力。

从短期与长期的财务趋势来看，预计公司将在未来几个季度继续保持稳健增长态势。但由于全球经济形势的不确定性，不排除某些季度可能会出现较大波动。为此，公司将继续调整策略，灵活应对市场变化，确保长期可持续发展。"	根据安集科技的图片信息，如果2024年上半年的管理费用占总成本的比例与2023年上半年相同，那么2024年上半年的管理费用应该是多少百万元？	50.35	30.83	40.09	60	C
sdt	12	data/figure/sdt/2024-08-23--银行-兴业银行-详解兴业银行2024半年报：净息差保持稳定，净利润增速实现由负转正_page5_图表8兴业银行单季新增存贷款规模和结构情况.jpg,data/figure/sdt/2024-08-15--化学制药-科伦药业-三发驱动，发展驶入快车道_page27_图表45川宁生物生物发酵领域技术优势.jpg,data/figure/sdt/2024-07-29--农药兽药-扬农化工-公司深度报告：静待农药景气度提升，多项目推进巩固龙头地位_page31_图表65公司盈利预测.jpg,data/figure/sdt/2024-07-02--食品饮料-中炬高新-浅析激励实现路径_page23_图表32公司营收测算汇总百万元.jpg,data/figure/sdt/2024-06-18--风电设备-盘古智能-量产元年将至，国产风电液压变桨龙头蓄势待飞_page29_图表51风电液压变桨市场空间测算.jpg,data/figure/sdt/2024-06-05--光伏设备-艾罗能源-公司深度报告：欧洲户储改善在即，工商储有望贡献新增量_page38_表公司主要财务指标.jpg,data/figure/sdt/2024-05-16--游戏-恺英网络-情怀+创新筑IP护城河，重点游戏赋能稳健增长_page2_表1收入成本拆分.jpg,data/figure/sdt/2024-09-18--电子化学品-安集科技-业绩稳健增长，先进制程产品持续上量_page1_图表2公司2024年第二季度财务报告摘要.jpg	"在2024年第二季度，电子化学品行业的领军企业安集科技展现了稳健的财务表现。从财务报表来看，公司营业收入达418.82百万元，同比增长37.06%，这一增长主要受益于先进制程产品的持续上量以及市场扩展策略的成功实施。与此同时，营业总成本增至291.32百万元，同比增长41.60%，其中营业成本增长了28.17%，管理费用和研发费用分别增长69.23%和33.61%，表明公司在提升管理效率和加大研发投入方面做出了积极努力。尽管公司在运营和研发方面持续投入，资产减值损失和其他经营收益的减少导致营业利润下降至137.01百万元，同比下降27.51%。然而，得益于有效的成本控制和稳健的市场扩展策略，公司净利润仍保持在128.92百万元，但同比减少了18.84%。

宏观经济环境和行业背景对安集科技的财务表现产生了重要影响。近年来，国家对半导体产业的政策支持力度持续加强，为公司提供了稳定的发展环境。与此同时，全球半导体市场需求旺盛，推动了公司产品在国内外市场的进一步拓展。然而，电子化学品行业竞争激烈，产品价格波动频繁，加之原材料成本的上涨，对公司毛利率带来了一定的挑战。为了应对这些不确定性，安集科技采取了一系列措施，包括加强技术研发、优化产品结构、拓展国际市场等，以进一步巩固其核心竞争力和市场占有率。特别是在先进制程化学材料领域，公司持续投入，确保在关键技术领域保持行业领先地位。

从股东回报与估值的角度来看，安集科技的P/E（市盈率）比率处于合理水平，表明当前股价未被高估或低估，市场对公司未来增长的预期仍较为乐观。考虑到公司在半导体制造领域的深厚积累、持续增长的市场需求以及强劲的技术创新能力，未来股价仍有较大的上升空间。此外，公司通过稳定的分红政策和适时的股票回购计划，为股东提供了稳定的投资回报，进一步增强市场信心。

在短期财务趋势方面，由于全球经济形势仍存在较大的不确定性，预计安集科技在未来几个季度可能会出现一定的业绩波动。行业周期性、原材料价格变化以及市场竞争格局的调整，可能会影响公司短期的盈利水平。为应对这些挑战，公司将进一步优化成本结构，控制运营支出，并继续加大研发投入，以提升高附加值产品的市场竞争力。同时，公司将积极开拓新的市场领域，扩大全球市场布局，以降低单一市场波动带来的风险。

从长期来看，安集科技凭借在电子化学品行业的领先地位、持续的技术创新和全球市场拓展能力，有望实现稳健增长。随着半导体制造工艺的不断升级，对高纯度、高性能电子化学品的需求将持续增加，为公司的长期发展提供稳定的市场支撑。此外，公司积极推动产品线的多元化，拓展至光伏、新能源材料等领域，以确保未来业务的可持续增长。整体而言，安集科技在2024年第二季度的财务表现虽然受到短期市场波动的影响，但凭借良好的市场布局和稳健的经营策略，未来仍有望保持长期稳定的增长趋势。"	根据安集科技的图片信息，根据2024年第二季度的财务报告，如果营业总收入增长37.06%，那么2023年第二季度的营业总收入是多少？	232.57百万元	305.57百万元	378.82百万元	418.82百万元	B
sdt	13	data/figure/sdt/2024-08-23--银行-兴业银行-详解兴业银行2024半年报：净息差保持稳定，净利润增速实现由负转正_page6_图表10兴业银行存款结构.jpg,data/figure/sdt/2024-08-15--化学制药-科伦药业-三发驱动，发展驶入快车道_page39_图表67TROP2ADC研发格局梳理.jpg,data/figure/sdt/2024-07-26--汽车零部件-继峰股份-首次覆盖深度报告：多元业态协同发展，内饰专家开启全球新征程_page20_表7盈利预测百万元.jpg,data/figure/sdt/2024-07-01--工程建设-四川路桥-当前时点，怎么看四川路桥的投资价值？_page17_表15公司分业务营收预测表.jpg,data/figure/sdt/2024-06-18--风电设备-盘古智能-量产元年将至，国产风电液压变桨龙头蓄势待飞_page33_图表56盘古智能盈利预测.jpg,data/figure/sdt/2024-06-05--塑料制品-江苏博云-首次覆盖：专注于特定细分领域改性塑料企业，2024年销售团队有望增加_page1_表1公司业务拆分.jpg,data/figure/sdt/2024-05-15--银行-常熟银行-详解常熟银行2024年一季报：息差环比回升，营收、业绩保持高增速_page4_图表10常熟银行资产质量情况.jpg,data/figure/sdt/2024-09-18--小金属-宝钛股份-钛材龙头引领行业发展，需求蓬勃驱动未来增长_page17_表8公司业务拆分百万元.jpg	"在2023年至2026年的财务预测中，宝钛股份展现了稳健且强劲的增长势头。从三大财务报表来看，公司在营收、利润等关键财务指标上均保持稳定的上升趋势。这一增长主要得益于公司在成本控制、市场拓展以及战略并购方面的有效措施。通过优化生产流程、提升自动化水平和加强供应链管理，公司成功降低了生产成本，提高了毛利率。此外，宝钛股份积极拓展国内外市场，特别是在新兴市场的布局，使其业务覆盖范围进一步扩大，为公司提供了新的增长点。与此同时，公司通过收购行业相关企业，增强了产业链整合能力，进一步巩固了其在全球钛材行业的领先地位。

宏观经济环境对公司的财务表现产生了重要影响。近年来，全球经济形势复杂多变，政策环境不断调整，市场竞争日趋激烈。面对这些挑战，宝钛股份采取了一系列应对措施，包括加大研发投入，提高产品竞争力；深化与核心客户的合作关系，增强市场粘性，提高市场份额；同时，公司通过灵活的定价策略，积极应对原材料价格波动，确保盈利能力的稳定性。特别是在航空航天、医疗器械、高端制造等高附加值行业的需求持续增长的背景下，宝钛股份凭借其技术优势和产品质量，成功抢占更多市场份额。

从股东回报和估值的角度来看，宝钛股份的P/E（市盈率）和P/B（市净率）比率保持在合理水平，反映出公司在行业中的稳健地位和良好的投资价值。尽管目前股价已反映部分增长预期，但考虑到公司未来的成长潜力、行业需求的持续增长以及技术创新的推进，股价仍有较大的上升空间。为了进一步提升股东回报，公司计划采取分红和股票回购等措施，以增强投资者信心，同时优化资本结构，提高股东价值。

尽管公司在多个方面取得了显著进展，但仍然面临着一定的潜在风险。首先，市场竞争的加剧可能对公司的利润率形成压力，特别是在钛材市场逐步开放的情况下，行业内的竞争者纷纷加大投资力度，力求抢占市场份额。其次，原材料价格的波动对生产成本的影响不容忽视。为了降低这些风险，宝钛股份制定了相应的应对策略，如建立多元化的供应商体系，减少对单一供应商的依赖，确保供应链的稳定性。此外，公司还通过加强内部管理、提升生产效率以及优化库存管理等方式，提高整体运营效率，以缓解可能的成本压力。

短期来看，公司预计在2024年和2025年将保持较快的增长速度，这主要受益于行业需求的稳定增长和公司自身竞争力的提升。然而，由于全球经济的不确定性增加，2026年的增长可能会有所放缓。因此，公司需要密切关注宏观经济环境的变化，并在必要时调整经营策略，以保持稳健的增长态势。长期而言，随着公司战略的逐步落地、技术升级的持续推进以及全球市场需求的回暖，宝钛股份有望在未来实现持续稳定的发展，并进一步巩固其在全球钛材行业的龙头地位。"	根据宝钛股份的图片信息，根据表格数据，2023年钛产品的毛利率为21.76%，其他产品的毛利率为14.85%，请问2023年钛产品和其它产品的毛利润分别是多少？	1373.93, 64.63	1373.93, 64.63	1373.93, 64.63	1373.93, 64.63	A
sdt	14	data/figure/sdt/2024-08-23--电子元件-成电光信-北交所首次覆盖报告：网络总线+特种显示双轮驱动，布局民用飞行模拟器+TSN网络总线_page5_no_caption.jpg,data/figure/sdt/2024-08-15--化学制药-科伦药业-三发驱动，发展驶入快车道_page41_图表71SKB264适应症布局和申报情况.jpg,data/figure/sdt/2024-07-26--汽车零部件-捷众科技-汽车精密注塑件专精特新“小巨人”，新能源智造项目放量可期_page17_图26分业务盈利预测.jpg,data/figure/sdt/2024-06-30--文化传媒-万达电影-深度报告：重整旗鼓，三大战略蓄势待发_page23_图表中国头部影院公司历年卖品业务收入占影院相关业务的比例.jpg,data/figure/sdt/2024-06-18--物流行业-圆通速递-公司深度报告：电商快递业务稳步向好，数字化精益管理降本增效_page6_表2圆通速递前十大股东情况截止2024331.jpg,data/figure/sdt/2024-06-04--通用设备-联德股份-深耕精密铸造，出海驱动高增长_page20_图表33业务分拆测算表.jpg,data/figure/sdt/2024-05-15--银行-常熟银行-详解常熟银行2024年一季报：息差环比回升，营收、业绩保持高增速_page5_图表11常熟银行十大股东持股情况1Q24.jpg,data/figure/sdt/2024-09-17--化学制品-一诺威-北交所公司深度报告：聚氨酯CPU全国单项冠军，技术+产业链共建竞争优势_page12_表6国内聚醚厂商开工率设计产能利用率较低万吨.jpg	"在2019年至2021年期间，国内聚醚行业经历了显著的变化，这一时期不仅是行业快速扩张的阶段，也伴随着市场竞争加剧、政策调整以及全球经济环境的复杂波动。从财务指标来看，国内聚醚行业展现出强劲的增长势头。2019年，行业总产量为331.90万吨，到2021年，这一数字攀升至430.20万吨，增长率超过29%。这一增长的主要推动力在于市场需求的持续增加以及企业采取的一系列市场扩展战略，如扩大产能、优化生产流程和提高开工率等，以确保能够更好地满足国内外市场的需求。

在具体的产能扩张方面，2021年国内聚醚行业的总产能达到了675.00万吨，较2019年的534.10万吨大幅提升了26%。企业通过新建生产线、升级设备和优化原材料供应链等方式，推动了行业的整体扩张。同时，为了提高生产效率和降低成本，公司加强了精益生产管理，实施了严格的成本控制措施，使得行业整体的平均开工率从2019年的62.14%上升至2021年的63.73%。尽管增幅不算极端，但这一数据的提升反映了企业对于市场需求的快速响应能力，也表明行业在生产利用率方面实现了优化。

与此同时，进口量的变化也对行业的整体财务状况产生了直接影响。2019年，国内聚醚的进口量为60.88万吨，而到2021年，这一数字略微下降至59.89万吨，表明国内生产企业在一定程度上减少了对外部供应商的依赖。这种趋势的出现，不仅提高了国内企业的市场竞争力，也使得供应链更加稳定和自主。与进口量下降相对应的是，总供应量的增长，从2019年的402.68万吨增加至2021年的497.37万吨，供应链体系更加完善，行业整体的供需关系趋于稳定。

市场需求方面，聚醚行业的消费量从2019年的310.00万吨增长至2021年的368.60万吨，这表明下游行业对于聚醚的需求在稳步增长，如聚氨酯泡沫材料、涂料、密封剂等领域的应用增加，进一步推动了行业的发展。尤其值得关注的是出口量的显著增长，从2019年的75.10万吨攀升至2021年的110.85万吨，增幅高达47.6%。这表明国内企业在国际市场上的影响力日益增强，成功扩大了海外市场的份额。企业通过提升产品质量、优化出口渠道以及调整国际定价策略，使得国内聚醚产品在国际市场上更具竞争力。这一趋势不仅为企业带来了更多收入，也在一定程度上缓解了国内市场竞争的压力，为行业的可持续发展创造了更多机遇。

然而，行业的快速增长也伴随着诸多挑战。从宏观经济和政策环境来看，政府对于环保标准的不断提升，对企业提出了更高的要求。为了符合环保政策的规定，企业加大了环保投入，以减少生产过程中对环境的影响。尽管这在短期内增加了运营成本，但从长期来看，这种投入有助于提升企业的品牌形象，同时满足日益严格的市场准入条件，从而增强行业竞争力。此外，全球经济的不确定性也对行业发展带来了一定的影响，例如供应链危机、国际贸易政策的变化等，使得企业在应对市场波动方面需要采取更为谨慎的策略。

在市场竞争方面，随着行业整体产能的快速增长，市场竞争进一步加剧。为了保持竞争优势，企业纷纷加大技术研发投入，通过技术创新和产品差异化战略提升市场份额。例如，一些领先企业开始研发高性能环保型聚醚产品，以满足对可持续发展要求更高的客户需求。通过优化生产工艺，提高产品附加值，企业不仅能够在激烈的市场竞争中立于不败之地，同时也能够减少对原材料价格波动的依赖，增强整体抗风险能力。

从股东回报与估值角度来看，公司的P/E比率和P/B比率在2019年至2021年间呈现一定的波动，但整体估值仍保持在合理范围内。考虑到未来市场需求的增长潜力，以及公司在技术创新和市场拓展方面的竞争优势，股价仍然具有一定的上涨空间。然而，市场的不确定性仍然存在，尤其是原材料价格的波动可能对利润率产生直接影响。为了应对这些风险，企业采取了一系列策略，如优化供应链管理、加强成本控制和推进智能化生产等，以确保财务的稳健性和可持续增长。

从短期与长期财务趋势来看，尽管市场在某些季度可能会出现波动，但整体上，公司具备较强的抗风险能力和持续增长的潜力。在短期内，企业可能需要应对原材料价格的变化以及市场竞争带来的利润压力，但长期来看，行业的增长前景依然乐观。企业在扩展产能、优化生产管理和加强市场竞争力方面的举措，能够确保其在市场变化中保持稳健的增长态势。此外，随着行业集中度的提高，具备技术优势和规模效应的企业将获得更大的市场份额，从而在未来的发展中占据更有利的地位。

综合来看，2019年至2021年是国内聚醚行业快速发展并经历市场调整的关键时期。行业总产量和产能的增长、进口依赖度的降低、出口量的显著增加等一系列变化，均体现了行业的成长轨迹。尽管在这一过程中，企业面临着政策调整、环保要求提高、市场竞争加剧等诸多挑战，但通过技术创新、成本优化和市场多元化战略，行业依然展现出了较强的增长动力和国际竞争力。未来，随着全球市场对高性能环保聚醚产品需求的持续增长，国内聚醚行业有望迎来更加广阔的发展空间。企业需要在巩固现有市场的同时，积极拓展新的应用领域，以进一步提升其市场地位，并实现长期稳健的发展。"	根据一诺威的图片信息，假设2021年度国内聚醚行业总供应量为497.37万吨，消费量为368.60万吨，出口量为110.85万吨，进口量为59.89万吨，请计算进口依存度。	0.12	0.13	0.14	0.15	A
sdt	15	data/figure/sdt/2024-08-23--电子元件-成电光信-北交所首次覆盖报告：网络总线+特种显示双轮驱动，布局民用飞行模拟器+TSN网络总线_page25_表15可比公司PE2024E均值为17X.jpg,data/figure/sdt/2024-08-15--化学制药-科伦药业-三发驱动，发展驶入快车道_page9_图表12大输液品种按包装分类.jpg,data/figure/sdt/2024-07-24--光伏设备-德业股份-亚非拉光储爆发，领军者行稳致远_page28_图表57公司收入与毛利预测.jpg,data/figure/sdt/2024-06-30--文化传媒-万达电影-深度报告：重整旗鼓，三大战略蓄势待发_page49_no_caption.jpg,data/figure/sdt/2024-06-18--中药-方盛制药-成长中的创新中药小巨头，新老产品放量在即_page20_图表49方盛制药主营业务收入拆分单位百万.jpg,data/figure/sdt/2024-06-02--化学原料-华鲁恒升-低成本为抓手无惧红海，煤化工龙头持续成长_page16_图表202023年国内煤制烯烃项目.jpg,data/figure/sdt/2024-05-14--酿酒行业-泸州老窖-向上势能不减，盈利持续提升_page2_表1公司业务拆分单位百万元.jpg,data/figure/sdt/2024-09-17--化学制品-一诺威-北交所公司深度报告：聚氨酯CPU全国单项冠军，技术+产业链共建竞争优势_page25_表18一诺威CPU产品市场占有率为3461全国排名第一.jpg	"在2021年，诺威公司在聚氨酯CPU产品市场中表现出色，成为全国单项冠军。公司通过技术创新和产业链共建的竞争优势，成功提升了市场份额和盈利能力。从财务报表来看，公司的营收、利润、ROE、ROIC等关键指标均呈现稳步增长的趋势。这主要得益于公司采取了一系列有效的战略措施，包括成本控制、市场扩展以及并购整合等。

首先，从财务指标的变化来看，诺威公司在过去几年中实现了持续的增长。2021年的营业收入达到了34.61亿元，同比增长了28.67%；净利润为9.69亿元，同比增长了20.02%。这些成绩的取得，离不开公司在成本控制方面的努力。通过优化生产流程、提高原材料利用率等方式，有效降低了生产成本，提高了毛利率。此外，公司还积极拓展国内外市场，增加了销售渠道，进一步扩大了市场份额。同时，通过并购整合相关企业，增强了自身竞争力，巩固了行业地位。

其次，在市场环境与竞争方面，宏观经济形势对诺威公司产生了重要影响。近年来，全球经济复苏缓慢，市场需求疲软，给公司带来了不小的挑战。然而，得益于国家政策的支持以及行业内的技术进步，公司仍然保持了良好的发展势头。特别是在环保政策趋严的背景下，公司加大了研发投入，推出了更多符合环保要求的产品，赢得了客户的青睐。同时，面对激烈的市场竞争，公司不断调整产品结构，提升服务质量，以满足不同客户的需求。

再次，从股东回报与估值角度来看，诺威公司的P/E比率为2.24倍，P/B比率为2.77倍，显示出公司目前处于合理估值区间内。考虑到未来几年内公司有望继续保持较快增长态势，预计股价仍有较大上涨空间。不过，投资者也需要注意潜在的风险因素，如市场竞争加剧可能导致利润率下滑等问题。

最后，在风险因素与应对策略方面，诺威公司面临着诸多不确定性。例如，原材料价格波动可能会影响生产成本；竞争对手的技术创新可能会削弱公司的竞争优势等。为此，公司已经制定了相应的应对措施，包括加强供应链管理、加大研发力度等，以确保长期稳定发展。总体而言，尽管短期内可能会出现一些波动，但长期来看，诺威公司仍具备较强的成长潜力。"	根据一诺威的图片信息，如果预计2026年消费量为110万吨，那么从2021年到2026年的年均复合增长率是多少？	0.0978	0.07	0.03	0.05	A
sdt	16	data/figure/sdt/2024-08-23--电子元件-成电光信-北交所首次覆盖报告：网络总线+特种显示双轮驱动，布局民用飞行模拟器+TSN网络总线_page21_表12主动研发新一代TSN网络总线技术主要产品拓展民用领域.jpg,data/figure/sdt/2024-08-15--化学制药-科伦药业-三发驱动，发展驶入快车道_page18_no_caption.jpg,data/figure/sdt/2024-07-24--物流行业-东航物流-电商出海东风助力，航空物流龙头起飞_page25_图表7420242026年公司主要业务业绩测算.jpg,data/figure/sdt/2024-06-30--文化传媒-万达电影-深度报告：重整旗鼓，三大战略蓄势待发_page44_图表各公司储备的重要片单截至2024年6月26日.jpg,data/figure/sdt/2024-06-18--橡胶制品-赛轮轮胎-液体黄金、巨胎提升竞争力，全球布局引领未来_page12_图表17美双反仲裁后各公司税率对比.jpg,data/figure/sdt/2024-06-02--化学原料-华鲁恒升-低成本为抓手无惧红海，煤化工龙头持续成长_page19_图表272024年5月我国醋酸生产企业产能情况.jpg,data/figure/sdt/2024-05-14--酿酒行业-泸州老窖-向上势能不减，盈利持续提升_page3_表2可比公司估值.jpg,data/figure/sdt/2024-09-17--化学制品-一诺威-北交所公司深度报告：聚氨酯CPU全国单项冠军，技术+产业链共建竞争优势_page30_表24可比公司2024年PE均值为170X.jpg	"在2024年的化学制品行业中，万华化学、隆华新材、元利科技和美瑞新材等公司在财务表现上展现出了不同的趋势。从表中可以看出，这些公司的EPS（每股收益）和PE（市盈率）在2024年至2026年期间发生了显著变化。万华化学作为行业龙头，其市值高达2220.74亿元，EPS逐年增长，从2024年的5.88元/股增长到2026年的8.01元/股，显示出强劲的盈利能力。这主要得益于公司持续的技术创新和产业链整合，通过优化成本控制和市场扩展策略，进一步巩固了其市场地位。隆华新材虽然市值较小，但EPS也呈现出稳步上升的趋势，从2024年的0.67元/股增长到2026年的1.47元/股，表明公司在细分市场上的竞争力不断增强。元利科技和美瑞新材的EPS同样表现出良好的增长态势，反映出整个行业在技术创新和市场需求驱动下的积极发展。

然而，外部环境的变化对这些公司的财务表现产生了重要影响。宏观经济形势的波动、政策变化以及市场竞争加剧等因素都对公司业绩构成了挑战。例如，全球经济放缓可能导致需求减少，而政策调整则可能影响公司的运营成本和市场准入条件。面对这些挑战，公司采取了一系列应对措施，如加强研发投入、拓展国际市场、优化供应链管理等，以增强自身的抗风险能力。

从股东回报与估值角度来看，这些公司的P/E比率在不同年份有所波动，但总体上保持在一个合理的范围内。万华化学的P/E比率从2024年的12.0下降到2026年的8.8，显示出市场对其未来增长潜力的认可。隆华新材、元利科技和美瑞新材的P/E比率也呈现出类似的趋势，表明投资者对公司未来的盈利预期持乐观态度。尽管如此，仍需关注公司是否被高估或低估的问题，以便为投资者提供更准确的投资建议。

在风险因素方面，市场竞争激烈、原材料价格波动以及技术更新换代速度加快等都是可能影响公司财务预期的主要风险。为了应对这些风险，公司需要不断调整战略，如加大研发投入、优化产品结构、提高生产效率等，以确保长期稳定的发展。

从短期与长期财务趋势来看，预计这些公司在未来几年内将继续保持稳健的增长态势。短期内可能会出现一些波动，尤其是在全球经济形势不确定的情况下，但长期来看，随着市场需求的持续增长和技术进步的推动，公司有望实现更高的盈利水平。为此，公司需要密切关注市场动态，灵活调整经营策略，以应对可能出现的各种挑战。"	根据一诺威的图片信息，根据表格数据，万华化学在2024年的EPS预计为5.88元/股，其PE为12.0，请计算万华化学的股价。	70.56元	69.36元	70.96元	71.76元	A
sdt	17	data/figure/sdt/2024-08-23--电子元件-成电光信-北交所首次覆盖报告：网络总线+特种显示双轮驱动，布局民用飞行模拟器+TSN网络总线_page23_表13TSN网络总线在接口通信速率通信方式等方面优于FC网络总线.jpg,data/figure/sdt/2024-08-15--化学制药-科伦药业-三发驱动，发展驶入快车道_page19_图表30川宁生物主要产品及用途.jpg,data/figure/sdt/2024-07-24--物流行业-东航物流-电商出海东风助力，航空物流龙头起飞_page11_图表2720242026年中国北美欧洲全货机运力供给预测.jpg,data/figure/sdt/2024-06-28--半导体-卓胜微-公司深度报告：十年磨剑成就射频龙头，自主可控构建强大内核_page39_表13可比公司估值对比.jpg,data/figure/sdt/2024-06-18--橡胶制品-赛轮轮胎-液体黄金、巨胎提升竞争力，全球布局引领未来_page22_图表322023年最具价值轮胎品牌榜单.jpg,data/figure/sdt/2024-05-31--电机-卧龙电驱-“电驱+光储+eVTOL”一体两翼，全球电机龙头构建新格局_page11_图表18eVTOL成本拆分.jpg,data/figure/sdt/2024-05-13--光伏设备-福莱特-玻璃龙头，盈利上行_page13_表5各省听证会产能公示情况.jpg,data/figure/sdt/2024-09-17--化学制品-一诺威-北交所公司深度报告：聚氨酯CPU全国单项冠军，技术+产业链共建竞争优势_page6_表2按照细分产品来看CPUTPU聚醚组合聚醚产品为公司收入主要来源.jpg	"在2019年至2022年上半年期间，诺威-北交所公司的财务表现经历了显著的变化。从报表中可以看出，公司主要依靠聚氨酯CPU、TPU以及聚酯、聚醚及组合聚醚等产品作为收入来源。2019年，公司总收入为37.18亿元，其中聚氨酯CPU贡献了17.67%的收入，而聚酯、聚醚及组合聚醚则占据了37.07%的份额。到了2020年，尽管受到全球疫情的影响，公司总收入仍增长至40.59亿元，这主要得益于公司在成本控制和市场扩展方面的努力。2021年，公司总收入进一步增长至62.58亿元，其中聚氨酯CPU和聚酯、聚醚及组合聚醚的收入占比分别为16.07%和47.49%，显示出公司在这些领域的强劲增长势头。然而，2022年上半年，公司总收入下降至29.25亿元，这可能是由于全球经济形势的不确定性以及市场竞争加剧所致。

从财务指标变化来看，公司采取了一系列战略措施来应对市场环境的变化。首先，在成本控制方面，公司通过优化生产流程和供应链管理，有效降低了生产成本，提高了毛利率。其次，在市场扩展方面，公司积极开拓新市场，特别是在海外市场取得了显著进展。此外，公司还进行了并购活动，以增强其在行业中的竞争力。这些措施共同推动了公司财务表现的改善。

宏观经济和行业背景对公司的财务表现产生了重要影响。在全球经济放缓的背景下，市场需求减弱，对公司产品的销售造成了一定的压力。同时，政策变化也对公司产生了一定的影响，例如环保政策的收紧导致生产成本上升。市场竞争加剧也是公司面临的一大挑战，尤其是在高端产品领域，竞争对手不断推出新产品，抢占市场份额。面对这些外部因素，公司采取了灵活的策略，如加大研发投入，提升产品质量，以保持竞争优势。

从股东回报与估值角度来看，公司的P/E比值在2019年至2022年上半年期间有所波动，但总体上处于合理区间。考虑到公司的成长潜力和盈利能力，当前股价可能被低估。未来股价的增长潜力主要取决于公司能否继续维持其在核心业务领域的领先地位，并成功应对市场挑战。

风险因素方面，市场竞争和价格波动是公司面临的主要风险。为了应对这些风险，公司加强了市场调研，及时调整产品结构，以适应市场需求的变化。同时，公司还通过多元化经营，减少对单一市场的依赖，提高抗风险能力。

短期与长期财务趋势显示，公司可能会在某些季度或年份出现较大波动，这主要是由于市场需求的季节性变化以及全球经济形势的不确定性。为了应对这些变化，公司需要灵活调整生产和销售策略，确保现金流稳定，并持续优化成本结构。"	根据一诺威的图片信息，根据表格数据，2021年度聚酯、聚醚及组合聚醚的总收入是多少万元？	295887.58	139462.98	178288.99	112445.48	A
sdt	18	data/figure/sdt/2024-08-22--银行-常熟银行-详解常熟银行2024年半年报：净利润同比+19.6%，业绩高增韧性强_page5_图表8常熟银行生息资产和计息负债增速和结构情况.jpg,data/figure/sdt/2024-08-15--化学制药-科伦药业-三发驱动，发展驶入快车道_page27_图表46川宁生物环保技术优势.jpg,data/figure/sdt/2024-07-24--物流行业-东航物流-电商出海东风助力，航空物流龙头起飞_page14_图表342024年跨境四小龙货量测算.jpg,data/figure/sdt/2024-06-28--农牧饲渔-邦基科技-高端饲料领航者，有望充分受益后周期需求回暖_page29_图表53公司业绩拆分预测表.jpg,data/figure/sdt/2024-06-17--纺织服装-华利集团-剖析四大制鞋龙头，理解华利价值和优势_page18_图表29海外运动品牌库存情况.jpg,data/figure/sdt/2024-05-31--电机-卧龙电驱-“电驱+光储+eVTOL”一体两翼，全球电机龙头构建新格局_page22_图表46全球分地区新能源车销量预测.jpg,data/figure/sdt/2024-05-13--光伏设备-福莱特-玻璃龙头，盈利上行_page21_表8公司业务拆分及营收预测亿元.jpg,data/figure/sdt/2024-09-17--化学制品-一诺威-北交所公司深度报告：聚氨酯CPU全国单项冠军，技术+产业链共建竞争优势_page17_表132023年聚氨酯上游原材料大幅扩产.jpg	"诺威-北交所在2024年的财务报告中展现出一幅充满活力与挑战并存的宏大画卷，讲述了一家在化学制品领域不断求新求变、奋力拼搏的企业如何在激烈竞争中稳步前行。报告中披露的数据不仅是冰冷的数字，而是公司在各条产品线上挥洒汗水、不断突破自我的真实写照。走进这份报告，就仿佛踏进了一段跌宕起伏的奋斗史，从环氧丙烷、聚醚多元醇，到TDI、聚合MDI、纯MDI，再到BDQ、己二酸、新戊二醇、丙二醇和碳酸二甲酯，每一个产品背后都承载着公司对技术革新和市场开拓的坚定信念。

在环氧丙烷这条主打产品线上，公司迎来了一个飞跃式的发展。报告显示，环氧丙烷的产能增速高达40.44%，这意味着公司在生产设施、技术升级以及自动化改造上投入了大量资源，短时间内便实现了产能的迅速扩张。与此同时，产量增速达到了11.49%，表明生产效率在不断提高。然而，市场需求的变化也带来了新的挑战，出口量增速却下降了57.63%。这一反差既让公司管理层深感意外，也促使他们重新审视全球市场布局，调整出口策略，争取在未来扭转这一不利局面。正是在这种内外部因素交织的情形下，公司的每一步决策都显得格外慎重与务实。

聚醚多元醇的表现则呈现出另一番景象。虽然产能增速仅为2.01%，显得较为温和，但产量增速却达到了10.03%，充分说明了公司在提高生产效率方面所做出的努力。面对进口量下降19.08%的局面，公司并未因此止步不前，而是积极开拓出口市场，最终实现了出口量17.60%的增长。这样的成绩不仅印证了公司强大的市场敏锐度，也显示了在资源紧缺与外部环境多变的背景下，企业依然能够通过内部优化和外部拓展获得双重突破。

在TDI产品线上，诺威-北交所同样展现了其雄厚的实力。产能增速为13.71%，产量增速为12.68%，这两个数据标志着生产能力的稳步提升。然而，进口量大幅减少34.15%，而出口量仅有1.74%的微幅增长，这种情况反映出公司在全球市场中的供需关系发生了明显变化，迫使其不得不面对更为严峻的国际竞争。公司高层由此开始重新调整进出口策略，加强与国外优质供应商和客户的合作，以期在未来实现更为平衡的发展。

而在MDI系列产品中，无论是聚合MDI还是纯MDI，尽管产能增速均为0%，但两者的产量增速均达到了8.57%。这表明，在不增加固定资产投资的情况下，通过工艺优化和生产流程改进，公司依然能够实现产量的稳步提升。进口量方面，聚合MDI和纯MDI分别增长了9.99%和25%，而出口量则分别增长了9.28%和3.03%。这些数据综合反映了诺威-北交所在MDI市场上的竞争力不断增强，不仅在国内市场稳扎稳打，在国际贸易中也逐渐展露锋芒。

最为引人注目的莫过于BDQ产品。报告中显示，BDQ的产能增速为35.34%，产量增速为18.13%，而出口量则以150%的惊人幅度飙升，这一数字不仅打破了市场常规，更让竞争对手望尘莫及。如此骄人的出口表现，背后是公司对产品质量的严格把控和对国际市场精准定位的结果，同时也彰显出诺威-北交所在全球化进程中的坚定步伐和战略眼光。

在己二酸市场上，公司保持了稳定的发展态势。产能与产量均实现了13.68%的增长，进口量仅小幅下降3.57%，而出口量则上升了12.00%。这既说明了公司在产品线调整上的精准操作，也反映出其在控制成本与提升效率方面所做出的努力，使得己二酸产品在竞争激烈的市场中依然保持了良好的表现。

新戊二醇方面，公司同样没有让市场失望。产能增速为22.8%，产量增速为11.3%，尽管进口量下降了10.2%，但出口量却实现了41.2%的增长。这样的成绩让人看到了公司在提升自主生产能力和拓展外销市场上的双重突破，也预示着未来新戊二醇市场将成为公司新的增长点。

丙二醇和碳酸二甲酯这两大产品线也分别展现了各自的亮点。丙二醇的产能增速为7.93%，但产量增速高达13.76%，加之进口量减少6.69%，出口量增长6.31%，表明公司在生产效率和市场需求间找到了良好的平衡。碳酸二甲酯的产能增速为26.85%，产量增速为21.5%，出口量则增长18.42%，这一切无不证明公司在生产能力提升和出口拓展方面所取得的双丰收。

面对如此复杂多变的市场环境，诺威-北交所公司并未止步于现状，而是始终坚持以成本控制、市场扩展和并购为主要战略工具，通过不断优化内部管理、强化技术创新来应对外部政策变化与市场竞争的双重压力。公司高层深知，每一项决策都必须建立在对市场深刻洞察的基础上，只有这样，才能在激烈的竞争中始终保持领先地位，实现财务表现的持续增长。

总的来说，2024年的财务报告不仅展示了诺威-北交所在多个产品线上的生产能力和产量的显著提升，更揭示了不同产品在进出口方面各具特色的市场表现。面对挑战与机遇并存的市场环境，公司通过不断调整战略、优化资源配置，成功应对了宏观经济波动和行业竞争加剧所带来的各种风险。未来，诺威-北交所将继续沿着这条稳健而富有创新精神的发展道路前行，以更加开放和灵活的姿态迎接全球化竞争的新挑战，努力实现化学制品领域更大范围的突破和腾飞。"	根据一诺威的图片信息，根据表格数据，环氧丙烷的产能增速为40.44%，产量增速为11.49%，进口量增速为15.06%，出口量增速为-57.63%。请问环氧丙烷的出口量增速与进口量增速之差是多少？	-0.7269	-0.4257	-0.7263	-0.4259	A
sdt	19	data/figure/sdt/2024-08-22--银行-常熟银行-详解常熟银行2024年半年报：净利润同比+19.6%，业绩高增韧性强_page6_图表11常熟银行资产质量情况.jpg,data/figure/sdt/2024-08-12--医疗器械-健帆生物-产品恢复高增长，盈利能力改善_page1_表1分业务收入及毛利率.jpg,data/figure/sdt/2024-07-23--医疗器械-澳华内镜-国产软镜龙头，旗舰机型引领新成长_page23_表国产与进口胃镜结肠镜多中心研究入组情况.jpg,data/figure/sdt/2024-06-28--农牧饲渔-邦基科技-高端饲料领航者，有望充分受益后周期需求回暖_page10_图表14部分生猪上市公司资产负债率.jpg,data/figure/sdt/2024-06-17--纺织服装-华利集团-剖析四大制鞋龙头，理解华利价值和优势_page38_图表68业务拆分预测表.jpg,data/figure/sdt/2024-05-31--电机-卧龙电驱-“电驱+光储+eVTOL”一体两翼，全球电机龙头构建新格局_page12_图表21航空级车规级工业机电机参数对比.jpg,data/figure/sdt/2024-05-12--电源设备-科威尔-公司首次覆盖报告：测试电源龙头，多场景全维度拓宽产品应用领域_page14_表52025年国内新增新能源车产能有望带来车载电源测试电源065亿市场.jpg,data/figure/sdt/2024-09-17--交运设备-华洋赛车-北交所公司深度报告：海外市场多边发力，新能源布局及募投达产助力Kayo出海“乘风”_page16_表5较多在研项目开发针对儿童及青少年用户群.jpg	"在2024年的财务报告中，华洋赛车公司展示了其在儿童及青少年越野车市场的强劲表现。从三大报表来看，公司的营收和利润均实现了稳步增长，这主要得益于公司在成本控制、市场扩展以及并购等方面采取的有效措施。具体而言，公司在研发项目上的投入显著增加，尤其是在针对儿童及青少年用户的越野车开发上，这不仅提升了产品的竞争力，还进一步巩固了公司在市场中的领先地位。

财务指标的变化反映了公司战略的成功实施。例如，KMB儿童娱乐越野车的开发满足了8岁以下儿童骑行和培训的需求，而TD青少年越野摩托车则满足了青少年对越野运动的需要。这些项目的成功不仅带来了收入的增长，还提高了公司的盈利能力。此外，公司通过优化供应链管理和提高生产效率，有效控制了成本，从而进一步提升了利润率。

市场环境与竞争方面，宏观经济的稳定和行业政策的支持为公司的发展提供了良好的外部条件。尽管市场竞争激烈，但公司凭借其强大的研发能力和品牌影响力，在市场上占据了有利位置。全球经济形势的不确定性对公司的影响相对较小，因为公司的主要市场在国内，且产品具有较高的需求弹性。

股东回报与估值方面，公司的P/E和P/B等估值指标显示其股价处于合理区间，既不过高也不过低。考虑到公司未来在产品研发和市场拓展方面的潜力，预计股价仍有较大的增长空间。公司通过持续的分红和股票回购等方式，积极回馈股东，增强了投资者的信心。

风险因素与应对策略方面，市场竞争加剧和原材料价格波动是公司面临的主要风险。为此，公司加强了与供应商的合作关系，确保原材料供应的稳定性和成本可控性。同时，公司加大了研发投入，不断推出新产品以应对市场竞争。

短期与长期财务趋势方面，预计公司在短期内可能会受到季节性因素的影响，导致季度业绩出现波动。但从长期来看，随着公司新产品的陆续上市和市场份额的不断扩大，整体财务表现将保持稳健增长的趋势。公司将继续优化产品结构，提升运营效率，以应对可能出现的市场变化。"	根据华洋赛车的图片信息，根据表格，KMB儿童娱乐越野车开发项目适用于多少岁以下的儿童骑行和培训需要？	6岁	8岁	10岁	12岁	B
sdt	20	data/figure/sdt/2024-08-22--银行-常熟银行-详解常熟银行2024年半年报：净利润同比+19.6%，业绩高增韧性强_page4_图表7常熟银行存贷款增长情况.jpg,data/figure/sdt/2024-08-13--电子元件-东山精密-AI催化消费电子加速增长，汽车业务再添成长动力_page10_图表18公司业绩拆分预测表.jpg,data/figure/sdt/2024-07-23--医疗器械-澳华内镜-国产软镜龙头，旗舰机型引领新成长_page55_表公司盈利预测假设条件.jpg,data/figure/sdt/2024-06-27--电子元件-安培龙-国产温压传感器“小巨人”，布局力矩传感器打开成长空间_page31_图表61公司盈利预测.jpg,data/figure/sdt/2024-06-17--有色金属-金徽股份-甘肃铅锌龙头，江洛整合值得期待_page7_图表11江洛矿区铅锌矿规划方案设计利用资源量汇总表.jpg,data/figure/sdt/2024-05-31--汽车零部件-北特科技-汽零基本盘稳健向好，人形机器人丝杠打开新成长空间_page2_表1公司分产品收入预测表.jpg,data/figure/sdt/2024-05-12--电源设备-科威尔-公司首次覆盖报告：测试电源龙头，多场景全维度拓宽产品应用领域_page26_表13公司营收拆分及预测.jpg,data/figure/sdt/2024-09-17--中药-贵州三力-立足开喉剑，内生与外延双轮驱动_page6_图表82023年上半年中国城市实体药店终端儿科中成药TOP10.jpg	"在2024年的9月17日，中药行业迎来了新的发展契机。贵州三力作为一家立足于开喉剑的制药企业，在内生与外延双轮驱动的战略下，其产品在2023年上半年中国城市实体药店终端儿科中成药市场中表现突出，跻身TOP10行列。从财务报表来看，贵州三力在过去几年中展现了稳健的增长态势。营收方面，公司通过不断优化产品结构和提升市场覆盖率，实现了持续增长。利润方面，得益于成本控制措施的有效实施以及高毛利产品的推广，净利润也呈现出稳步上升的趋势。ROE和ROIC指标显示，公司的资本利用效率较高，表明管理层在资源配置上做出了合理决策。现金流状况良好，为企业的持续发展提供了坚实基础。P/E比率处于行业中等水平，显示出市场对公司未来发展前景的认可。

然而，外部环境的变化对贵州三力的财务表现产生了重要影响。宏观经济形势的波动、政策调整以及行业竞争加剧等因素都可能对公司业绩造成冲击。例如，近年来国家对于医药行业的监管日益严格，这不仅增加了企业的合规成本，还可能限制某些药品的价格上涨空间。此外，市场竞争激烈导致价格战频发，进一步压缩了利润空间。面对这些挑战，贵州三力采取了一系列应对措施，包括加大研发投入以推出更具竞争力的新产品、拓展海外市场以分散风险、加强品牌建设提高消费者忠诚度等。

股东回报方面，贵州三力通过稳定的分红政策回馈投资者，并且股价表现良好，反映出市场对其长期价值的认可。但从估值角度来看，当前P/E比率并不算低，是否被高估还需结合具体情况进行判断。考虑到公司在行业内的领先地位以及未来增长潜力，预计其股价仍有上升空间。

风险因素方面，除了上述提到的市场竞争和政策变化外，原材料价格波动也是不可忽视的问题之一。为此，贵州三力积极寻求与供应商建立长期合作关系，确保供应链稳定；同时探索替代原料的可能性，降低单一来源依赖带来的风险。

短期来看，由于季节性因素影响，下半年通常是医药销售旺季，因此贵州三力有望迎来一波业绩高峰。但长期而言，随着人口老龄化趋势加剧以及居民健康意识提升，儿科用药市场需求将持续增长，为公司未来发展提供了广阔空间。为了抓住这一机遇，贵州三力需要继续强化自身优势，如加强研发创新、扩大市场份额等，以实现可持续增长。"	根据贵州三力的图片信息，根据图表，以下哪种产品在儿科感冒用药类别中排名最高？	小儿鼓翘清热颗粒	小儿肺热咳喘颗粒	开喉剑喷雾剂(儿童型)	小儿柴桂退热颗粒	A
sdt	21	data/figure/sdt/2024-08-22--银行-常熟银行-详解常熟银行2024年半年报：净利润同比+19.6%，业绩高增韧性强_page5_图表9常熟银行2023年新增贷款结构.jpg,data/figure/sdt/2024-08-11--煤炭行业-上海能源-主业高成长将落地，绿能转型持续深化_page6_图表9上海能源20132023年自产煤吨煤毛利及成本测算表.jpg,data/figure/sdt/2024-07-23--橡胶制品-利通科技-利通科技首次覆盖报告：深耕橡胶软管，石油管持续放量_page7_表3分业务预测百万元.jpg,data/figure/sdt/2024-06-27--软件开发-福昕软件-PDF行业全球领军者，订阅与渠道双转型进入收获期_page22_表6福昕软件24E26E分布业务收入与毛利率预测.jpg,data/figure/sdt/2024-06-17--有色金属-金徽股份-甘肃铅锌龙头，江洛整合值得期待_page11_图表24全球汽车耗锌量计算万辆万吨.jpg,data/figure/sdt/2024-05-28--仪器仪表-天罡股份-超声仪表领军企业，热表水表齐头并进_page14_图表21我国智能超声水表市场空间预测以产值计算.jpg,data/figure/sdt/2024-05-12--电源设备-科威尔-公司首次覆盖报告：测试电源龙头，多场景全维度拓宽产品应用领域_page14_表62025年国内新增新能源车产能有望带来充电桩测试电源135亿市场.jpg,data/figure/sdt/2024-09-17--中药-贵州三力-立足开喉剑，内生与外延双轮驱动_page12_图表20公司业绩拆分预测表.jpg	"在2023年至2026年的财务预测中，贵州三力展现了强劲的增长势头。从营业收入来看，公司预计从2023年的1,634.98百万元增长至2026年的3,567.85百万元，年均复合增长率超过30%。这一显著增长主要得益于公司在呼吸系统用药领域的持续发力，该业务板块的收入从2023年的1,300.05百万元增长至2026年的2,496.74百万元，成为公司收入的主要来源。此外，血液用药、妇科用药等其他业务板块也表现出色，为公司的整体增长提供了有力支撑。

财务指标的变化反映了公司采取的一系列战略措施。首先，公司在成本控制方面取得了显著成效，毛利率维持在较高水平，从2023年的73.31%略微下降至2026年的72.98%，显示出公司在保持高盈利能力的同时，也在积极应对市场竞争压力。其次，市场扩展策略的成功实施，尤其是在呼吸系统用药领域的市场占有率提升，进一步巩固了公司在行业中的领先地位。并购活动也为公司带来了新的增长点，通过整合资源，提升了整体运营效率。

宏观经济和行业背景对公司的财务表现产生了重要影响。近年来，随着国家对中医药行业的政策支持不断加大，市场需求持续增长，为公司的发展提供了良好的外部环境。同时，市场竞争加剧，尤其是来自国际制药企业的竞争压力，促使公司加快技术创新和产品升级的步伐。全球经济形势的不确定性也对公司造成了一定的影响，但公司通过多元化的产品布局和全球化的市场拓展，有效降低了风险。

股东回报方面，公司的估值指标如P/E、P/B等显示其目前处于合理区间，未来股价的增长潜力较大。公司通过持续的业绩增长和稳健的财务表现，有望吸引更多的投资者关注，从而推动股价上涨。然而，市场竞争激烈、价格波动等因素仍可能对公司财务预期产生影响，公司需要采取有效的风险管理措施，如加强供应链管理、优化成本结构等，以应对潜在的风险。

短期与长期的财务趋势分析显示，公司短期内可能会面临一定的波动，特别是在新产品的市场推广阶段，投入较大，但长期来看，随着市场的逐步成熟和品牌影响力的提升，公司将迎来更加稳定和可持续的增长。为了应对这些变化，公司需要灵活调整策略，如加大研发投入、优化营销渠道等，以确保在激烈的市场竞争中保持领先地位。"	根据贵州三力的图片信息，根据图表，2023年呼吸系统用药的收入为1300.05百万元，预计到2026年增长至2496.74百万元。请问2023年至2026年的复合年增长率（CAGR）是多少？	0.185	0.203	0.221	0.238	B
sdt	22	data/figure/sdt/2024-08-20--化学制品-万华化学-系列深度之五：深度报告：聚氨酯优势加强，新材料接力成长_page11_图表万华化学精细化学品及新材料主要产品产能截至2024年7月.jpg,data/figure/sdt/2024-08-09--电源设备-盛弘股份-充电桩板块较快增长，海外储能需求修复可期_page1_图表1半年度业绩摘要.jpg,data/figure/sdt/2024-07-21--造纸印刷-民士达-民士达首次覆盖报告：芳纶纸行业龙头，新产品打造第二增长曲线_page7_表3分业务预测百万元.jpg,data/figure/sdt/2024-06-27--贵金属-银泰黄金-战略规划确立增长蓝图，全球化布局蓄势待发_page13_图表19TwinHills金矿储量为6686吨.jpg,data/figure/sdt/2024-06-17--软件开发-万集科技-首次覆盖：交通基础设施智慧化升级提速，业绩进入上升通道_page2_表1公司业务分拆百万元.jpg,data/figure/sdt/2024-05-28--仪器仪表-天罡股份-超声仪表领军企业，热表水表齐头并进_page9_图表11部分城市供水价格调整不含污水处理费等.jpg,data/figure/sdt/2024-05-10--食品饮料-洽洽食品-坚果势能较好，成本改善可期_page2_表1公司业务拆分.jpg,data/figure/sdt/2024-09-17--中药-贵州三力-立足开喉剑，内生与外延双轮驱动_page3_图表2公司主要产品.jpg	"贵州三力作为一家深耕中药领域的企业，其财务表现受到多种因素的影响，并在过去几年中经历了显著的变化。从三大财务报表和关键财务指标来看，公司在市场扩展和成本控制方面取得了积极进展，推动了营收和利润的稳步增长。通过优化供应链管理和提升生产效率，公司成功降低了生产成本，进一步提高了利润率。同时，贵州三力积极拓展海外市场，在国际市场上的业务份额不断提升，这一策略不仅推动了整体收入增长，也为公司在全球中药市场的发展奠定了基础。

在市场环境和行业背景方面，国家对中医药行业的政策支持力度不断加大，为公司的发展创造了良好的外部环境。近年来，中医药行业作为中国医疗体系的重要组成部分，获得了越来越多的政策扶持，包括医保覆盖范围的扩大、国家鼓励企业加大研发投入，以及促进中医药国际化等多项举措，这些都为贵州三力提供了良好的发展机遇。然而，市场竞争日益激烈，越来越多的制药企业加速进入中药市场，使得行业竞争格局不断变化。面对这种挑战，公司采取了一系列应对措施，例如加大研发投入，持续优化中药产品的质量和疗效，以增强市场竞争力。同时，公司在品牌建设、市场推广和渠道优化等方面不断升级，以巩固自身在行业中的地位。

从股东回报和估值的角度来看，贵州三力的P/E（市盈率）和P/B（市净率）相对较低，显示出公司当前的市场估值可能被低估。考虑到公司的增长潜力以及中医药行业的长期发展前景，投资者对贵州三力的股价未来增长可能持乐观态度。公司近年来在产品线扩展、市场渗透和供应链优化方面的努力，进一步提升了投资者的信心。然而，仍需关注一些潜在的风险因素，如原材料价格波动、市场需求变化以及行业政策调整等，这些因素可能会对公司的财务表现产生一定影响。针对这些风险，公司已经制定了相应的应对策略，包括建立多元化的供应链体系，以降低原材料成本的波动性，并通过加强市场调研，精准把握市场需求变化，以保持业务的稳健发展。

短期来看，全球经济形势的不确定性可能会对贵州三力的经营环境造成一定影响，公司在某些季度或年份可能会面临业绩波动。例如，全球原材料价格的上涨、供应链不稳定以及消费者消费能力的变化，都可能影响中药产品的销售。对此，公司需要采取灵活的调整策略，例如适时优化产品结构、加强库存管理以及提升渠道效率，以确保业务的稳定运营。同时，公司还需密切关注行业政策的变化，及时调整战略，以适应市场环境的动态变化。

从长期发展来看，随着公司战略的逐步实施以及中医药市场的持续扩张，贵州三力的财务表现有望保持稳定增长的趋势。公司在核心业务上的深耕，以及在国际市场上的积极布局，都将成为其长期增长的重要驱动力。此外，公司在研发上的持续投入，有助于推出更多符合市场需求的新产品，进一步巩固其行业地位。整体来看，贵州三力凭借稳健的财务基础、持续优化的业务策略以及行业政策红利的支持，未来仍具有较大的增长空间和发展潜力。"	根据贵州三力的图片信息，根据图表信息，哪种药品的治疗领域是补气补血用药且未被列入国家基药目录？	芪胶升白胶囊	黄芪颗粒	妇科再造丸	止咳化痰丸	A
sdt	23	data/figure/sdt/2024-08-20--化学制品-万华化学-系列深度之五：深度报告：聚氨酯优势加强，新材料接力成长_page25_图表国内MDI供需平衡表.jpg,data/figure/sdt/2024-08-11--电子元件-景旺电子-产品布局多元，全球化战略势能逐步释放_page27_图372022年全球汽车集团销量榜TOP10数据口径汽车集团销量单位万辆.jpg,data/figure/sdt/2024-07-19--食品饮料-康比特-康比特首次覆盖报告：产品不断创新发展，深耕运动营养行业蓝海_page11_表4公司盈利预测.jpg,data/figure/sdt/2024-06-26--化学制药-梓橦宫-北交所首次覆盖报告：“中华老字号”焕新篇，神经系统新药步入收获期注入活力_page18_表112022年梓橦宫市占率为1524.jpg,data/figure/sdt/2024-06-14--消费电子-安克创新-跨境电商龙头企业，成长动能充沛_page25_图46公司收入预测情况亿元.jpg,data/figure/sdt/2024-05-28--医疗器械-微电生理-冰火电协同布局，国产龙头加速房颤治疗国产化进程_page23_图表38公司业绩拆分预测表.jpg,data/figure/sdt/2024-05-08--农牧饲渔-秋乐种业-玉米种优质企业，新品种助力业务稳增长_page13_表3玉米市场供过于求.jpg,data/figure/sdt/2024-09-16--半导体-东微半导-下游需求逐步改善，2Q24营收环比增长42%_page2_图91Q212Q24功率产品交期情况.jpg	"在2021年至2024年的财务报表中，我们可以看到公司在不同年份的财务指标发生了显著变化。从营收来看，公司经历了从稳定增长到快速增长的过程，尤其是在2023年和2024年，营收环比增长达到了42%。这主要得益于公司在成本控制和市场扩展方面的努力。公司通过优化供应链管理和提高生产效率，有效降低了成本，同时积极开拓新市场，增加了市场份额。此外，公司在2022年进行了一次重大并购，进一步增强了其市场竞争力。

市场环境与竞争方面，宏观经济形势对公司财务表现产生了重要影响。在全球经济复苏的大背景下，市场需求逐渐回暖，为公司带来了更多的业务机会。然而，行业内的竞争也日益激烈，政策变化和技术进步对公司的经营策略提出了更高要求。公司通过加大研发投入，不断提升产品性能和服务质量，以应对这些挑战。

股东回报与估值方面，公司的P/E比率和P/B比率均处于合理区间，显示出良好的投资价值。尽管当前股价已经反映了公司的业绩增长，但考虑到未来的发展潜力，公司仍有可能实现更高的股价增长。为了进一步提升股东回报，公司计划通过分红和股票回购等方式回馈投资者。

风险因素与应对策略方面，市场竞争加剧和价格波动是公司面临的主要风险。为此，公司制定了多项应对措施，包括加强品牌建设、拓展多元化销售渠道以及建立灵活的价格调整机制。这些措施有助于公司在复杂多变的市场环境中保持竞争优势。

短期与长期财务趋势方面，预计公司在短期内可能会出现较大的季度波动，特别是在2024年第二季度和第三季度。这主要是由于季节性因素和市场不确定性的影响。为了应对这些变化，公司计划进一步优化库存管理，并加强对市场的预测分析，以便及时调整生产和销售策略。从长期来看，随着公司战略的有效实施和市场环境的逐步改善，预计公司将在未来几年内继续保持稳健的增长态势。"	根据东微半导的图片信息，比较2022年第二季度和2023年第二季度IGBT的交期变化，哪个品牌的变化最大？	英飞凌	安森美	IXYS	意法半导体	A
sdt	24	data/figure/sdt/2024-08-20--化学制品-万华化学-系列深度之五：深度报告：聚氨酯优势加强，新材料接力成长_page26_图表国内TDI供需平衡表.jpg,data/figure/sdt/2024-08-11--电子元件-景旺电子-产品布局多元，全球化战略势能逐步释放_page44_表2景旺电子业务收入预测百万元.jpg,data/figure/sdt/2024-07-19--航运港口-招商港口-全球领先港口运营商，受益于一带一路新机遇_page11_表22023年公司集装箱吞吐量及变化情况万TEU.jpg,data/figure/sdt/2024-06-25--中药-白云山-公司深度报告：华南医药消费龙头稳健增长，盈利能力持续优化_page15_表1大健康板块同行企业估值对比.jpg,data/figure/sdt/2024-06-14--玻璃玻纤-力诺特玻-中硼硅模制瓶转A落地，药用玻璃放量在即_page24_no_caption.jpg,data/figure/sdt/2024-05-24--食品饮料-天味食品-川调龙头产品长青，内延外拓渠道焕新_page25_表5拾翠坊销量前十大产品规格单价月销量.jpg,data/figure/sdt/2024-05-07--化学制品-聚胶股份-卫材热熔胶全球破局者，海外扩张稳步推进_page28_表9假设主要原材料价格以5的幅度变动下公司毛利率敏感性分析.jpg,data/figure/sdt/2024-09-15--银行-民生银行-利润拐点初显，息差有望企稳_page5_表5资产质量分析.jpg	"在2024年第三季度，民生银行的财务报表反映出了一系列关键财务指标的变化，展现出稳健发展的趋势，同时也揭示了市场竞争和宏观经济环境对其经营成果的影响。从营收和利润的角度来看，公司整体表现保持稳定，但由于市场扩张和成本控制策略的调整，季度间仍然存在一定的波动。在23Q1至23H1期间，民生银行通过优化运营流程、提升效率等手段成功降低了运营成本，使得净利润率得到改善。然而，在23Q3至2023年期间，公司为应对日益激烈的市场竞争，加大了市场推广和品牌建设的投入，营销费用的增加对利润水平产生了一定的短期压力。

宏观经济环境和行业背景对公司财务表现的影响不容忽视。在全球经济形势不确定性增强的背景下，金融行业面临着政策调整、市场竞争加剧以及技术变革等多重挑战。特别是在2023年，政府出台了一系列金融监管政策，对银行的业务模式和风险管理能力提出了更高要求。这一变化迫使民生银行积极调整战略，以适应新的监管环境，确保合规经营并维持稳健增长。此外，随着金融科技的迅速崛起，传统银行业正面临来自新兴金融科技公司的竞争压力。消费者越来越倾向于使用数字化金融服务，这促使民生银行加快数字化转型步伐，通过智能风控、在线贷款、数字支付等新业务模式提升市场竞争力。

从股东回报和估值的角度来看，民生银行的P/E（市盈率）比率相对较低，表明市场对其未来增长潜力持谨慎态度。然而，考虑到公司在成本控制、市场扩展以及数字化转型方面的持续努力，其当前股价可能被低估。投资者应密切关注公司未来的业绩表现和战略实施效果，以进一步评估其投资价值。公司在资产质量管理、盈利能力提升以及新业务拓展等方面的进展，将成为影响其估值的核心因素。随着市场对银行股的关注度逐步回升，民生银行若能成功推动业务模式升级和数字化创新，或将迎来更大的估值修复空间。

面对潜在的风险因素，如市场竞争加剧、利率环境变化和监管政策调整等，民生银行已采取了一系列应对措施。首先，公司加强了与金融科技企业的合作，推动金融产品和服务的创新，以满足不断变化的市场需求。其次，公司优化了资产负债结构，降低资金成本，提高资金运作效率，以增强盈利能力。此外，民生银行还进一步强化了风控体系，通过大数据和人工智能技术提升信用风险评估能力，确保信贷资产质量的稳定性。这些措施有助于公司在复杂多变的市场环境中保持稳健发展，并增强其应对不确定性的能力。

短期来看，民生银行的业绩可能会受到市场环境变化和季度间业务节奏调整的影响，导致一定的业绩波动。尤其是在经济增长放缓、信贷需求不稳定以及金融市场波动的情况下，公司需要更加灵活地调整经营策略，以确保业绩的稳定性。然而，从长期角度来看，随着公司战略调整逐步见效，数字化转型深入推进，以及市场对银行股估值的回升，预计未来几年内民生银行有望实现持续稳定的财务增长。公司需持续关注行业发展趋势、优化业务布局，并通过技术创新和业务拓展提升市场竞争力，以在未来市场竞争格局中占据更有利的位置。"	根据民生银行的图片信息，从2023年到2024年上半年，不良净生成率（单季年化）的变化趋势如何？	上升	下降	不变	无法确定	B
sdt	25	data/figure/sdt/2024-08-20--化学制品-万华化学-系列深度之五：深度报告：聚氨酯优势加强，新材料接力成长_page30_图表2023年国内聚氨酯市场规模估算.jpg,data/figure/sdt/2024-08-08--银行-浦发银行-详解浦发银行1H24业绩快报：信贷投放与业绩增速双提升_page2_no_caption.jpg,data/figure/sdt/2024-07-16--电子元件-伊戈尔-变压器出海领军企业，新能源及数据中心双轮驱动_page20_图表39与同业相比公司海外占比较高.jpg,data/figure/sdt/2024-06-25--中药-白云山-公司深度报告：华南医药消费龙头稳健增长，盈利能力持续优化_page15_表2大健康板块盈利预测及估值.jpg,data/figure/sdt/2024-06-14--玻璃玻纤-力诺特玻-中硼硅模制瓶转A落地，药用玻璃放量在即_page27_图表54公司日用玻璃收入细分拆解.jpg,data/figure/sdt/2024-05-24--食品饮料-天味食品-川调龙头产品长青，内延外拓渠道焕新_page22_表4好人家海底捞不辣汤和火锅底料新品价格卖点对比.jpg,data/figure/sdt/2024-05-07--化学制品-聚胶股份-卫材热熔胶全球破局者，海外扩张稳步推进_page21_表4全球一次性卫生用品热熔胶用量测算.jpg,data/figure/sdt/2024-09-15--银行-民生银行-利润拐点初显，息差有望企稳_page2_表124H1202323H1各项利息收入支出情况.jpg	"民生银行在2024年的财务表现展现了稳健的增长态势，这是公司在市场环境复杂多变的情况下，通过一系列战略调整和业务扩展取得的成果。从三大财务报表来看，营收、利润等关键财务指标均呈现出积极的变化趋势。公司通过严格的成本控制措施，成功降低了运营成本，提高了整体利润率。这一成果得益于公司优化内部流程、提升运营效率，并采用智能化管理手段，确保了财务资源的高效配置。此外，民生银行在金融科技领域加大了投入，不仅提升了服务效率和客户体验，还增强了其在数字化金融时代的核心竞争力。凭借科技赋能，公司在数字银行、智能风控、线上支付等多个方面实现了突破，进一步巩固了市场地位，为未来的持续增长奠定了坚实基础。

除了内生性增长，公司还通过并购等外部扩张方式拓展业务范围，增强综合竞争力。近年来，银行业竞争日趋激烈，头部机构纷纷加强市场布局，民生银行积极响应行业趋势，通过战略性并购扩大业务版图，提升业务多元化程度，增强在零售银行、企业金融以及财富管理等领域的市场占有率。通过对标行业领先者，公司持续优化产品结构，推出定制化金融服务，以满足不同客户群体的需求。此外，公司加强与互联网平台和金融科技企业的合作，推动金融生态体系的建设，为未来的业务发展打开了更大的空间。

从市场环境来看，宏观经济的稳定增长为民生银行的发展提供了良好的外部条件。近年来，政策支持和监管环境的优化，为银行业提供了更多的发展机遇。央行稳健的货币政策、利率市场化的推进，以及金融供给侧改革的深化，使得银行业在资产配置、风险管理和业务创新等方面迎来了新的增长点。同时，居民消费需求的升级以及企业对金融服务的需求增加，也为银行业务的发展带来了机遇。然而，市场竞争依然激烈，国内外经济形势的不确定性也对公司构成了一定的挑战。全球经济增长放缓、利率波动、国际金融市场的不稳定，以及国内金融市场竞争格局的变化，都可能影响公司的业务拓展和盈利能力。

面对这些挑战，民生银行积极调整战略，加强风险管理和内部控制，确保财务表现的稳定性和可持续性。在信贷业务方面，公司优化资产负债结构，合理调整信贷投放，确保信贷质量稳步提升，并通过强化风控体系，降低不良贷款率。在资金管理方面，公司提高流动性管理能力，优化负债成本，确保在市场波动中保持稳健经营。同时，银行还加强了金融科技应用，在大数据风控、智能投顾、反欺诈系统等方面取得了显著成效，有效提高了风险管理能力，增强了整体抗风险能力。

从股东回报和估值的角度来看，民生银行的P/E（市盈率）和P/B（市净率）等估值指标显示出其股价具有一定的吸引力。目前，市场对银行股的估值相对保守，但考虑到民生银行的盈利能力、业务拓展潜力以及金融科技战略的深化，当前股价可能被低估，未来具备较大的增长空间。公司计划通过优化资本结构、提高资产利用效率以及合理的股东回报政策，进一步提升股东价值。除了持续推进业务增长，公司还注重回馈投资者，通过稳定的分红政策提升股东回报，以增强市场对公司长期发展的信心。

在风险管理方面，公司识别并应对市场竞争、利率变动、政策调整等多方面的潜在风险。市场竞争加剧带来的利差缩窄、银行资产质量管理难度增加以及金融科技带来的行业变革，都是公司需要应对的挑战。为此，民生银行制定了详细的应对策略，包括加强产品创新、提升服务质量、拓展新市场等，以增强其抵御风险的能力。例如，公司在个人金融业务方面推出更多元化的产品组合，提升零售银行业务占比，并通过数字化运营提升客户体验。此外，针对企业金融业务，公司加强供应链金融、跨境结算等高附加值业务，提升服务粘性和盈利能力。

从短期和长期的财务趋势来看，预计短期内公司可能会受到一些季节性因素的影响，如利率调整、政策变化等，可能导致财务数据出现一定的波动。然而，从长期来看，随着公司战略的逐步实施、数字化转型的深化，以及市场需求的持续增长，公司整体的财务表现将趋于稳定，并保持良好的增长势头。公司将继续密切关注市场变化，灵活调整经营策略，确保实现可持续发展。同时，随着行业整体向智能化、数字化方向发展，民生银行的科技驱动战略将成为其长期竞争力的关键，为未来的业绩增长提供持续动力。

综合来看，民生银行在2024年的财务表现展现了稳健的发展趋势，通过精准的成本管理、金融科技创新、市场扩展和业务优化，公司进一步巩固了行业地位，并为未来的可持续增长奠定了基础。尽管外部市场环境仍然存在不确定性，但公司凭借强大的风险管理能力、灵活的业务调整策略以及稳健的资本运营模式，具备较强的抗风险能力和长期增长潜力。未来，民生银行将继续深化金融科技布局，推动业务模式创新，优化资本结构，提升盈利能力，以实现股东价值最大化，并在竞争激烈的金融市场中保持领先地位。"	根据民生银行的图片信息，根据2023年的数据，如果民生银行的生息资产总计为1000亿元，其利息收入是多少？	69.8亿元	43.2亿元	38亿元	36.4亿元	D
sdt	26	data/figure/sdt/2024-08-20--化学制品-万华化学-系列深度之五：深度报告：聚氨酯优势加强，新材料接力成长_page59_图表全球PMMA巨头生产商MMA配套能力截至2023年底.jpg,data/figure/sdt/2024-08-07--旅游酒店-众信旅游-2024H1业绩预告点评报告：出境游板块业绩释放显著，盈利能力有望持续提升_page2_表可比公司估值情况.jpg,data/figure/sdt/2024-07-16--工程机械-五新隧装-深度报告：隧道钻爆法设备小巨人，铁公路水利矿山领域齐发力_page20_no_caption.jpg,data/figure/sdt/2024-06-25--中药-白云山-公司深度报告：华南医药消费龙头稳健增长，盈利能力持续优化_page17_表320182023公司主要中药大品种营业收入与毛利率.jpg,data/figure/sdt/2024-06-13--医疗器械-麦澜德-女性康复器械领跑者，健康与美战略初现_page8_图表12主要控股参股公司.jpg,data/figure/sdt/2024-05-24--食品饮料-天味食品-川调龙头产品长青，内延外拓渠道焕新_page27_表620222026E公司营业收入百万元及毛利率预测.jpg,data/figure/sdt/2024-05-03--电池-蔚蓝锂芯-锂电池业务逐季恢复，应用领域扩展拉动需求_page1_表1分业务收入及毛利率.jpg,data/figure/sdt/2024-09-15--仪器仪表-宁水集团-公司深度报告：水表领域行业领先，稳健发展行稳致远_page26_表14宁水集团收入量价拆分预测.jpg	"在2018年至2026年的财务报告中，宁水集团展现了其在智能表和机械表领域的稳健增长。从收入拆分来看，智能表的收入从2018年的406百万元增长至2026年的1,413百万元，年复合增长率约为15%。这主要得益于公司在智能表领域的持续研发投入和技术升级，以及市场对智能表需求的快速增长。机械表的收入虽然有所波动，但总体保持稳定，从2018年的545百万元增长至2026年的727百万元，显示出公司在传统业务上的稳固地位。水表配件等其他业务的收入也呈现出显著增长，从2018年的79百万元增长至2026年的312百万元，表明公司在多元化经营方面的成功。

收入同比增速方面，智能表的增长率在2018年至2020年间较高，随后有所放缓，但在2023年后再次回升，显示出公司在智能表市场的竞争力不断增强。机械表的增速相对平稳，而水表配件等其他业务则表现出较大的波动性，反映了公司对新业务领域的探索和调整。

水表销量方面，智能表的销量从2018年的1.73百万台增长至2026年的6.64百万台，年复合增长率约为20%，显示出公司在智能表市场的强劲表现。机械表的销量虽然有所波动，但总体保持稳定，从2018年的7.39百万台增长至2026年的9.74百万台，显示出公司在传统市场的稳固地位。

单价方面，智能表的单价从2018年的234元增长至2026年的213元，显示出公司在成本控制方面的努力。机械表的单价则相对稳定，从2018年的74元增长至2026年的75元，显示出公司在传统产品上的价格策略较为稳健。

股东回报与估值方面，公司的P/E比率在2018年至2026年间保持在较低水平，显示出市场对公司未来增长潜力的认可。P/B比率也保持在合理范围内，显示出公司资产质量较好。综合来看，公司目前的估值较为合理，未来股价的增长潜力较大。

风险因素与应对策略方面，市场竞争和价格波动是影响公司财务预期的主要风险。公司通过持续的研发投入和技术升级，不断提升产品的竞争力，并通过多元化的经营策略来降低单一业务的风险。同时，公司还加强了供应链管理和成本控制，以应对市场价格波动带来的挑战。

短期与长期财务趋势方面，预计公司在短期内可能会受到市场竞争加剧的影响，导致部分季度或年度的财务指标出现波动。但从长期来看，随着公司在智能表市场的不断拓展和技术升级，以及多元化经营策略的实施，公司的财务表现有望继续保持稳健增长。公司将继续加大研发投入，提升产品竞争力，并通过优化供应链管理和成本控制来应对市场变化，确保长期的财务健康和可持续发展。"	根据宁水集团的图片信息，根据表格数据，2023年智能表的收入同比增速为多少？	0.15	0.14	0.16	0.17	A
sdt	27	data/figure/sdt/2024-08-20--化学制品-万华化学-系列深度之五：深度报告：聚氨酯优势加强，新材料接力成长_page3_图表国内MDI供需平衡表.jpg,data/figure/sdt/2024-08-07--电子元件-远航精密-远航精密首次覆盖报告：深耕精密镍基导体材料，产品结构持续优化_page7_表3分业务预测百万元.jpg,data/figure/sdt/2024-07-15--电力行业-中闽能源-优质新能源运营商，海上风电发展空间较大_page16_表6不同电价成本下陆上风电单位GW装机净利润测算亿元.jpg,data/figure/sdt/2024-06-24--中药-葵花药业-品牌构筑核心壁垒，“六五”规划开启百亿目标_page15_表52021年妇科消炎药TOP20格局城市实体药店中成药.jpg,data/figure/sdt/2024-06-13--医疗器械-麦澜德-女性康复器械领跑者，健康与美战略初现_page9_no_caption.jpg,data/figure/sdt/2024-05-24--煤炭行业-电投能源-深度报告：煤电铝三大业务共成长，稳健性和弹性兼备_page29_图表可比公司盈利预测及估值.jpg,data/figure/sdt/2024-05-01--保险-新华保险-2024年一季报点评：价值增速跑赢上市同业，季度信息披露大幅丰富_page1_表1新华保险新准则业绩分析单位百万元.jpg,data/figure/sdt/2024-09-15--银行-中国银行-营收边际改善，息差企稳，质量稳健_page4_表3资产分析.jpg	"在2022年至2024年上半年期间，中国银行的财务表现经历了显著的变化。从对公贷款分行业来看，制造业和基建类行业的贷款占比持续上升，分别从2022年的12.4%和32.5%增长至2024年上半年的13.6%和36.9%，这表明公司加大了对这些领域的支持力度，以促进经济增长和基础设施建设。同时，房地产行业的贷款占比有所下降，从7.8%降至7.4%，反映了公司在面对房地产市场调控政策时采取了更为谨慎的态度。

零售贷款方面，个人住房贷款和个人消费贷款的占比有所下降，从2022年的28.1%和3.0%降至2024年上半年的22.5%和2.8%，这可能是由于公司在面对宏观经济不确定性时，调整了零售贷款策略，减少了对高风险领域的贷款投放。资产结构方面，贷款占比从60.2%增至63.2%，其中对公贷款占比从37.0%增至42.1%，零售贷款占比从22.6%降至20.7%，这表明公司在优化资产配置的同时，更加注重对公业务的发展。

结合宏观经济和行业背景，中国银行面临的外部环境复杂多变。一方面，全球经济形势不稳定，国际贸易摩擦加剧，对公司海外业务造成一定影响；另一方面，国内经济结构调整和金融监管政策趋严，对公司在国内市场的扩张带来挑战。为了应对这些风险，公司采取了一系列措施，包括加强风险管理、优化信贷结构、拓展多元化收入来源等。

股东回报与估值方面，公司的P/E和P/B比率相对稳定，显示出市场对公司未来发展前景的信心。然而，考虑到当前宏观经济环境的不确定性，公司是否被高估或低估仍需进一步观察。未来股价的增长潜力将取决于公司能否有效应对市场变化，保持稳健的财务表现。

风险因素与应对策略方面，市场竞争加剧和价格波动是公司面临的主要风险。为此，公司将继续优化产品和服务，提升客户体验，同时加强成本控制，提高运营效率，以增强市场竞争力。短期与长期财务趋势方面，预计公司将在短期内面临一定的波动，尤其是在全球经济形势不明朗的情况下。但从长期来看，随着公司战略的逐步实施和市场环境的改善，财务表现有望持续向好。"	根据中国银行的图片信息，在2024年上半年，零售贷款中的个人住房贷款占比相比2023年下降了多少个百分点？	0.015	0.017	0.02	0.025	A
sdt	28	data/figure/sdt/2024-08-20--化学制品-万华化学-系列深度之五：深度报告：聚氨酯优势加强，新材料接力成长_page4_图表国内TDI供需平衡表.jpg,data/figure/sdt/2024-08-06--造纸印刷-华旺科技-出海扬帆空间广阔，多元布局行稳致远_page14_图表33公司业绩拆分预测表.jpg,data/figure/sdt/2024-07-15--医疗器械-英科医疗-手套防护领军企业，成本优势铸就价值_page8_图表13英科医疗在国内主要手套厂商中收入规模及毛利率领先.jpg,data/figure/sdt/2024-06-24--中药-葵花药业-品牌构筑核心壁垒，“六五”规划开启百亿目标_page17_表62021年肝病用药TOP20格局城市实体药店中成药.jpg,data/figure/sdt/2024-06-13--电池-豪鹏科技-公司首次覆盖报告：消费电池平台型公司，大软包业务有望发力_page13_表10公司各业务营收拆分.jpg,data/figure/sdt/2024-05-23--化学制品-巨化股份-氟化工一体化龙头，HFCs配额全国第一_page24_图表512024年各大头部企业获主流三代制冷剂配额情况万吨.jpg,data/figure/sdt/2024-04-26--工程机械-长盛轴承-基本盘经营稳健，新领域成长潜力大_page1_表1分业务收入及毛利率.jpg,data/figure/sdt/2024-09-11--家电行业-华翔股份-半年报业绩点评：国内铸件领先企业，大股东定增及股权激励彰显发展信心_page9_表6FCFF估值表.jpg	"华翔股份作为国内铸件行业的领先企业，在过去几年中展现了卓越的财务表现，并在全球市场竞争日益激烈的环境下保持稳健增长。从2024年到2033年的预测数据来看，公司EBIT（息税前利润）持续增长，从537.29百万元增加到1304.27百万元。这一增长不仅得益于行业需求的持续增长，也与公司自身采取的一系列战略措施密不可分，包括成本控制、市场扩展以及并购等。特别是在2025年，公司成功并购了一家主要竞争对手，这一举措进一步巩固了公司在行业中的领先地位，并使其在市场整合过程中占据了有利位置。此外，公司通过优化生产流程和供应链管理，成功降低了生产成本，提高了利润率，使得企业在竞争激烈的市场环境中保持了较强的盈利能力。

在宏观经济层面，外部环境的变化对公司的财务表现也产生了重要影响。全球经济形势的不确定性、政策调整以及行业竞争的加剧，都可能对公司的业绩带来挑战。近年来，全球制造业受到贸易政策调整、供应链重组以及经济周期波动的影响，部分行业的市场需求出现了短期波动。华翔股份作为铸件行业的龙头企业，也不可避免地受到这些因素的影响。例如，全球供应链的不稳定性可能导致原材料价格的波动，增加公司的生产成本。此外，市场需求的波动也可能影响公司订单的增长速度，从而对收入和利润产生一定的影响。面对这些挑战，公司在风险管理方面采取了积极措施，通过加强供应链管理、优化库存控制以及签订长期供应合同等方式，确保生产成本的稳定性，并降低市场波动对盈利能力的冲击。

尽管外部环境存在一定的不确定性，华翔股份的估值指标仍显示出良好的投资价值。根据预测数据，公司的总市值预计达到6413.11百万元，每股价值14.71元。公司当前的估值水平相对合理，主要得益于其稳健的增长前景和行业内的领先地位。近年来，投资者对制造业企业的估值标准逐渐转向更注重盈利质量和长期增长能力，华翔股份在这一方面表现突出。特别是在全球制造业向高端制造和智能制造转型的背景下，公司不断加大研发投入，提升生产自动化水平，提高产品附加值，以进一步提升长期竞争力。这种战略不仅提升了公司的盈利能力，也增强了资本市场对其未来成长性的信心。

为了应对可能的风险，公司已经制定了一系列针对性的应对策略。首先，公司将继续深化与核心供应商的合作，确保原材料供应的稳定性，同时利用长期合同和对冲策略来降低原材料价格波动的影响。其次，公司加大了研发投入，以开发更具竞争力的高附加值产品，并积极拓展新市场。随着下游行业对高性能铸件产品需求的不断增加，公司在产品创新方面的努力将有助于进一步扩大市场份额。此外，公司还密切关注宏观经济形势和政策变化，及时调整业务布局，以适应行业发展趋势。例如，面对全球碳中和政策的推进，公司正在加快绿色制造技术的应用，提升产品的环保性能，以满足全球市场对可持续发展的需求。

从短期和长期的财务趋势来看，华翔股份的增长态势依然稳健。短期内，市场需求和宏观经济的不确定性可能会带来一定的季度或年度波动，尤其是在行业周期性调整阶段，公司可能会面临一定的订单压力。然而，长期来看，随着全球制造业升级、智能制造技术的普及，以及下游产业的持续发展，公司仍然具备较强的增长潜力。此外，公司通过不断优化内部管理，提高运营效率，并积极寻求新的增长点，如海外市场拓展、新材料研发等，确保未来能够持续提升盈利能力并稳步增长。

整体来看，华翔股份在铸件行业的领先地位、稳健的财务表现以及明确的增长战略，使其在未来几年内依然具备较强的市场竞争力。尽管外部环境存在一定的不确定性，公司已经通过供应链管理、技术创新、市场拓展等多方面措施增强自身的抗风险能力，并为未来的长期可持续增长奠定了坚实的基础。随着行业整体发展趋势向好，公司将继续凭借自身的优势，实现稳定的盈利增长，并持续为股东创造长期价值。"	根据华翔股份的图片信息，在2027E至2029E期间，EBIT*(1-所得税税率)的增长率最高的是哪一年？	2027E	2028E	2029E	无法确定	B
sdt	29	data/figure/sdt/2024-08-20--化学制品-万华化学-系列深度之五：深度报告：聚氨酯优势加强，新材料接力成长_page6_no_caption.jpg,data/figure/sdt/2024-08-06--半导体-乐鑫科技-单季度业绩新高，次新品持续放量_page1_表1分业务收入及毛利率.jpg,data/figure/sdt/2024-07-14--电子化学品-金宏气体-公司深度报告：综合气体服务商，打造电子大宗现场制气新增长极_page27_表18金宏气体相较于可比公司20242026年具备估值提升空间.jpg,data/figure/sdt/2024-06-23--汽车零部件-北特科技-深耕汽车底盘业务多年，打开人形机器人新成长曲线_page14_图表26公司盈利预测.jpg,data/figure/sdt/2024-06-12--纺织服装-华利集团-深耕运动鞋履代工筑高壁垒，订单产能双增利润可期_page22_表9华利集团分业务预测拆分金额单位亿元.jpg,data/figure/sdt/2024-05-23--钢铁行业-抚顺特钢-中国特殊钢的摇篮，成长的高温合金龙头_page21_图表56公司业绩拆分预测表.jpg,data/figure/sdt/2024-04-21--汽车零部件-多利科技-行业景气叠加一体化压铸的持续推进，公司业绩预期向好_page2_表1收入成本拆分.jpg,data/figure/sdt/2024-09-10--半导体-长电科技-国内龙头平台型封测厂，全球化多品类布局优势显著_page21_图表44可比公司估值比较.jpg	"在2024年9月10日的半导体行业分析报告中，长电科技作为国内龙头平台型封测厂，其全球化多品类布局优势显著。从图表44可比公司估值比较来看，长电科技在股价、EPS和PE等方面表现出色。具体而言，长电科技的股价为29.42元，EPS从2022年的1.82增长至2026年的1.83，而PE则从2022年的12.70下降至2026年的16.08。这些变化反映了公司在成本控制、市场扩展和并购等方面的积极措施对财务表现的影响。

首先，从财务指标变化来看，长电科技在过去几年中通过优化生产流程和提高效率，实现了成本的有效控制。同时，公司积极拓展海外市场，尤其是在欧美地区的市场份额不断扩大，这不仅增加了营收，也提高了利润水平。此外，长电科技还通过并购一些具有核心技术的企业，进一步增强了自身的竞争力和技术实力，从而推动了财务指标的持续改善。

其次，结合宏观经济和行业背景，我们可以看到，近年来全球半导体行业整体呈现出稳步增长的趋势，尤其是随着5G、物联网等新兴技术的发展，市场需求不断增加。在此背景下，长电科技凭借其强大的研发能力和广泛的客户基础，在市场竞争中占据了有利地位。然而，政策变化和全球经济形势的不确定性仍然是影响公司财务表现的重要外部因素。例如，中美贸易摩擦可能会对公司出口业务造成一定影响；同时，全球供应链紧张也可能导致原材料价格上涨，进而增加生产成本。

再次，从股东回报与估值角度来看，长电科技目前的P/E和P/B等估值指标相对较低，表明市场对其未来发展前景持谨慎态度。但从长期来看，随着公司业务规模的不断扩大和技术实力的不断增强，其股价仍有较大的增长潜力。因此，投资者可以适当关注该公司的投资机会，但同时也需注意潜在的风险因素。

最后，针对可能影响财务预期的主要风险，长电科技已经采取了一系列应对策略。例如，在面对市场竞争加剧的情况下，公司加大了研发投入力度，不断提升自身的技术水平和服务质量；在应对价格波动方面，则通过多元化的产品线和灵活的价格调整机制来降低风险。总体而言，尽管短期内可能会出现一些波动，但长电科技在长期发展中仍然具备较强的增长动力。"	根据长电科技的图片信息，根据图表，哪一家公司的2023年预期EPS与实际EPS的差值最大？	通富微电*	华天科技*	晶方科技*	甬矽电子*	D
sdt	30	data/figure/sdt/2024-08-20--化学制品-万华化学-系列深度之五：深度报告：聚氨酯优势加强，新材料接力成长_page9_图表公司聚氨酯产品现有和在建产能分布截至2024年7月.jpg,data/figure/sdt/2024-08-06--中药-昆药集团-原来中药企业可以创新，也可以国际化！六百年老字号昆药集团，华润入主，要干成银发健康第一股_page3_数据来源市值风云.jpg,data/figure/sdt/2024-07-12--电池-德瑞锂电-锂一次电池先行者，扩产顺应市场高需求_page12_表2公司锂锰电池锂铁电池系列产品技术水平和行业标准对比.jpg,data/figure/sdt/2024-06-23--汽车零部件-北特科技-深耕汽车底盘业务多年，打开人形机器人新成长曲线_page15_图表27可比公司估值情况.jpg,data/figure/sdt/2024-06-12--电力行业-中国核电-核电回暖奠定成长基调，风光步入发展快车道_page22_图表39收入拆分.jpg,data/figure/sdt/2024-05-22--医药商业-百洋医药-创新型医药商业化平台，成熟运营经验持续复制_page5_图表112023年创新药企业与商业化平台销售费用率情况对比.jpg,data/figure/sdt/2024-04-19--化学制品-山东赫达-山东赫达深度报告：国内纤维素醚龙头，全球化布局成长可期_page23_附表1公司分业务增速与毛利预测单位百万元人民币.jpg,data/figure/sdt/2024-09-10--半导体-长电科技-国内龙头平台型封测厂，全球化多品类布局优势显著_page20_图表43公司分mathcalF游领域营收拆分亿元.jpg	"在2022年至2026年的财务报表中，我们可以看到这家公司在不同领域的收入和利润表现。从整体上看，公司的营业收入在2022年达到337.62亿元，但在2023年下降至296.61亿元，随后在2024年预计回升至346.65亿元，并在2025年和2026年持续增长至387.76亿元和430.14亿元。这一变化主要归因于公司在成本控制、市场扩展以及并购等方面采取的战略措施。例如，在2023年，公司可能面临了较高的原材料成本和市场竞争压力，导致收入下滑。然而，通过优化供应链管理和拓展新市场，公司在后续几年实现了收入的稳步增长。

从市场环境与竞争角度来看，宏观经济形势和行业背景对公司的财务表现产生了重要影响。在全球经济放缓和政策变化的背景下，公司需要不断调整战略以应对这些外部因素。例如，政府对半导体行业的支持政策可能会促进公司的发展，而市场竞争加剧则可能导致利润率下降。因此，公司需要密切关注市场动态，灵活调整经营策略。

股东回报与估值方面，公司的P/E比率和P/B比率等指标可以用来评估其是否被高估或低估。如果公司的P/E比率低于行业平均水平，可能意味着其股价被低估，具有增长潜力。反之，如果P/E比率过高，则可能存在高估的风险。此外，公司还需要关注现金流状况，确保有足够的资金支持业务运营和发展。

风险因素与应对策略方面，市场竞争和价格波动是影响公司财务预期的主要风险。为了应对这些风险，公司可以加强研发投入，提高产品竞争力；同时，通过多元化经营降低单一市场依赖度，分散风险。此外，建立有效的风险管理机制也是关键。

短期与长期财务趋势方面，虽然公司在未来几年预计实现收入增长，但短期内仍可能出现波动。特别是在全球经济不确定性增加的情况下，公司需要密切关注市场变化，及时调整经营策略。长期来看，随着技术进步和市场需求的增长，公司有望实现持续稳定的发展。"	根据长电科技的图片信息，根据图表，2023年消费电子领域的收入为74.75亿元，比2022年下降了多少？	0.244	0.252	0.268	0.283	A
